date,close
2005-02-25,8.77571
2005-02-28,8.71546
2005-03-01,8.74047
2005-03-02,8.73065
2005-03-03,8.77571
2005-03-04,8.91293
2005-03-07,8.97665
2005-03-08,8.9165
2005-03-09,8.75784
2005-03-10,8.81452
2005-03-11,8.77571
2005-03-14,8.91065
2005-03-15,8.87283
2005-03-16,8.79224
2005-03-17,8.84162
2005-03-18,8.74846
2005-03-21,8.74628
2005-03-22,8.56931
2005-03-23,8.52613
2005-03-24,8.61789
2005-03-28,8.63253
2005-03-29,8.5239
2005-03-30,8.66241
2005-03-31,8.74628
2005-04-01,8.77571
2005-04-04,8.79928
2005-04-05,8.85065
2005-04-06,8.82559
2005-04-07,8.90489
2005-04-08,8.83636
2005-04-11,8.92355
2005-04-12,9.00613
2005-04-13,8.9441
2005-04-14,8.85938
2005-04-15,8.7039
2005-04-18,8.7373
2005-04-19,8.85938
2005-04-20,8.78226
2005-04-21,8.85938
2005-04-22,8.9165
2005-04-25,8.97665
2005-04-26,8.86216
2005-04-27,8.92842
2005-04-28,8.8902
2005-04-29,9.01586
2005-05-02,9.03993
2005-05-03,8.99497
2005-05-04,9.00246
2005-05-05,8.96906
2005-05-06,8.94678
2005-05-09,9.02256
2005-05-10,8.95531
2005-05-11,8.99755
2005-05-12,8.89551
2005-05-13,8.75154
2005-05-16,8.80693
2005-05-17,8.91065
2005-05-18,8.91293
2005-05-19,8.96549
2005-05-20,8.96246
2005-05-23,8.92842
2005-05-24,8.92842
2005-05-25,8.95214
2005-05-26,8.97665
2005-05-27,9.01363
2005-05-31,9.01
2005-06-01,9.12688
2005-06-02,9.11531
2005-06-03,9.14375
2005-06-06,9.1366
2005-06-07,9.15665
2005-06-08,9.17546
2005-06-09,9.18385
2005-06-10,9.2173
2005-06-13,9.25517
2005-06-14,9.28058
2005-06-15,9.23517
2005-06-16,9.22132
2005-06-17,9.26092
2005-06-20,9.28058
2005-06-21,9.29264
2005-06-22,9.37596
2005-06-23,9.40276
2005-06-24,9.33675
2005-06-27,9.39288
2005-06-28,9.48777
2005-06-29,9.46072
2005-06-30,9.46996
2005-07-01,9.55556
2005-07-05,9.57517
2005-07-06,9.41239
2005-07-07,9.48777
2005-07-08,9.597
2005-07-11,9.65045
2005-07-12,9.67993
2005-07-13,9.70484
2005-07-14,9.60951
2005-07-15,9.60633
2005-07-18,9.60053
2005-07-19,9.60951
2005-07-20,9.66023
2005-07-21,9.48777
2005-07-22,9.53993
2005-07-25,9.54266
2005-07-26,9.5778
2005-07-27,9.61919
2005-07-28,9.67993
2005-07-29,9.68346
2005-08-01,9.55556
2005-08-02,9.77795
2005-08-03,9.8047
2005-08-04,9.74226
2005-08-05,9.57517
2005-08-08,9.37809
2005-08-09,9.4776
2005-08-10,9.47522
2005-08-11,9.53274
2005-08-12,9.52345
2005-08-15,9.55914
2005-08-16,9.40941
2005-08-17,9.39958
2005-08-18,9.43571
2005-08-19,9.49234
2005-08-22,9.55556
2005-08-23,9.63571
2005-08-24,9.58812
2005-08-25,9.66023
2005-08-26,9.64559
2005-08-29,9.68618
2005-08-30,9.67011
2005-08-31,9.74534
2005-09-01,9.89691
2005-09-02,9.90053
2005-09-06,9.99348
2005-09-07,9.99983
2005-09-08,9.91427
2005-09-09,10.0302
2005-09-12,10.0213
2005-09-13,9.93254
2005-09-14,9.97045
2005-09-15,10.0631
2005-09-16,10.0779
2005-09-19,10.0467
2005-09-20,10.0093
2005-09-21,9.83547
2005-09-22,9.78197
2005-09-23,9.8047
2005-09-26,9.88668
2005-09-27,9.88936
2005-09-28,9.99011
2005-09-29,10.0908
2005-09-30,10.0808
2005-10-03,10.1942
2005-10-04,10.0181
2005-10-05,9.72718
2005-10-06,9.597
2005-10-07,9.68346
2005-10-10,9.5114
2005-10-11,9.53274
2005-10-12,9.35139
2005-10-13,9.15358
2005-10-14,9.25834
2005-10-17,9.36177
2005-10-18,9.20474
2005-10-19,9.22941
2005-10-20,8.98603
2005-10-21,9.10494
2005-10-24,9.33988
2005-10-25,9.35139
2005-10-26,9.23775
2005-10-27,9.13353
2005-10-28,9.31621
2005-10-31,9.43571
2005-11-01,9.24981
2005-11-02,9.28594
2005-11-03,9.28058
2005-11-04,9.26678
2005-11-07,9.2436
2005-11-08,9.24097
2005-11-09,9.32157
2005-11-10,9.2779
2005-11-11,9.19363
2005-11-14,9.13353
2005-11-15,9.14951
2005-11-16,9.23517
2005-11-17,9.37055
2005-11-18,9.35139
2005-11-21,9.37328
2005-11-22,9.37328
2005-11-23,9.48956
2005-11-25,9.52703
2005-11-28,9.48956
2005-11-29,9.51373
2005-11-30,9.42107
2005-12-01,9.45705
2005-12-02,9.47269
2005-12-05,9.46693
2005-12-06,9.43839
2005-12-07,9.39288
2005-12-08,9.49234
2005-12-09,9.60053
2005-12-12,9.5114
2005-12-13,9.65045
2005-12-14,9.75968
2005-12-15,9.78197
2005-12-16,9.69323
2005-12-19,9.56539
2005-12-20,9.58097
2005-12-21,9.49234
2005-12-22,9.53551
2005-12-23,9.55194
2005-12-27,9.53551
2005-12-28,9.48777
2005-12-29,9.46996
2005-12-30,9.41864
2006-01-03,9.60053
2006-01-04,9.61576
2006-01-05,9.55194
2006-01-06,9.65398
2006-01-09,9.59343
2006-01-10,9.60951
2006-01-11,9.59343
2006-01-12,9.59343
2006-01-13,9.66023
2006-01-17,9.76231
2006-01-18,9.7842
2006-01-19,9.8712
2006-01-20,9.81393
2006-01-23,9.79879
2006-01-24,9.88668
2006-01-25,9.7503
2006-01-26,9.66385
2006-01-27,9.71775
2006-01-30,9.65045
2006-01-31,9.64559
2006-02-01,9.67318
2006-02-02,9.54613
2006-02-03,9.49805
2006-02-06,9.55556
2006-02-07,9.49805
2006-02-08,9.49447
2006-02-09,9.52971
2006-02-10,9.53551
2006-02-13,9.52345
2006-02-14,9.51373
2006-02-15,9.52971
2006-02-16,9.6042
2006-02-17,9.6911
2006-02-21,9.70484
2006-02-22,9.74226
2006-02-23,9.7303
2006-02-24,9.75968
2006-02-27,9.838
2006-02-28,9.77219
2006-03-01,9.74534
2006-03-02,9.73909
2006-03-03,9.6911
2006-03-06,9.53551
2006-03-07,9.48956
2006-03-08,9.48068
2006-03-09,9.45348
2006-03-10,9.51373
2006-03-13,9.52703
2006-03-14,9.62867
2006-03-15,9.6911
2006-03-16,9.74226
2006-03-17,9.64559
2006-03-20,9.5047
2006-03-21,9.43333
2006-03-22,9.4776
2006-03-23,9.46693
2006-03-24,9.44628
2006-03-27,9.38484
2006-03-28,9.34514
2006-03-29,9.40276
2006-03-30,9.31889
2006-03-31,9.24981
2006-04-03,9.26092
2006-04-04,9.36177
2006-04-05,9.45035
2006-04-06,9.33353
2006-04-07,9.20172
2006-04-10,9.19809
2006-04-11,9.09303
2006-04-12,9.11531
2006-04-13,9.07338
2006-04-17,9.064
2006-04-18,9.23775
2006-04-19,9.26678
2006-04-20,9.33353
2006-04-21,9.37596
2006-04-24,9.46326
2006-04-25,9.32827
2006-04-26,9.23517
2006-04-27,9.35854
2006-04-28,9.39556
2006-05-01,9.30862
2006-05-02,9.46072
2006-05-03,9.43035
2006-05-04,9.44097
2006-05-05,9.65398
2006-05-08,9.58097
2006-05-09,9.49805
2006-05-10,9.57517
2006-05-11,9.48474
2006-05-12,9.37809
2006-05-15,9.43839
2006-05-16,9.39556
2006-05-17,9.25249
2006-05-18,9.24981
2006-05-19,9.32827
2006-05-22,9.39958
2006-05-23,9.26678
2006-05-24,9.30067
2006-05-25,9.38747
2006-05-26,9.48956
2006-05-30,9.39288
2006-05-31,9.54891
2006-06-01,9.64559
2006-06-02,9.76231
2006-06-05,9.64559
2006-06-06,9.66385
2006-06-07,9.62867
2006-06-08,9.66023
2006-06-09,9.74226
2006-06-12,9.76231
2006-06-13,9.64559
2006-06-14,9.57517
2006-06-15,9.72092
2006-06-16,9.63571
2006-06-19,9.50117
2006-06-20,9.52703
2006-06-21,9.5168
2006-06-22,9.48474
2006-06-23,9.49805
2006-06-26,9.5377
2006-06-27,9.50117
2006-06-28,9.52971
2006-06-29,9.65045
2006-06-30,9.68872
2006-07-03,9.79581
2006-07-05,9.7303
2006-07-06,9.67993
2006-07-07,9.75383
2006-07-10,9.80777
2006-07-11,9.88316
2006-07-12,9.83547
2006-07-13,9.79879
2006-07-14,9.79879
2006-07-17,9.82554
2006-07-18,9.84127
2006-07-19,9.99011
2006-07-20,10.015
2006-07-21,10.039
2006-07-24,10.1312
2006-07-25,10.175
2006-07-26,10.2099
2006-07-27,10.1292
2006-07-28,10.1964
2006-07-31,10.1523
2006-08-01,10.2797
2006-08-02,10.2708
2006-08-03,10.2195
2006-08-04,10.2228
2006-08-07,10.1014
2006-08-08,10.1964
2006-08-09,10.2003
2006-08-10,10.1856
2006-08-11,10.1621
2006-08-14,10.2317
2006-08-15,10.2962
2006-08-16,10.2003
2006-08-17,10.1892
2006-08-18,10.3025
2006-08-21,10.3257
2006-08-22,10.3603
2006-08-23,10.2509
2006-08-24,10.2934
2006-08-25,10.2934
2006-08-28,10.3724
2006-08-29,10.3809
2006-08-30,10.3274
2006-08-31,10.4317
2006-09-01,10.4411
2006-09-05,10.3301
2006-09-06,10.291
2006-09-07,10.3055
2006-09-08,10.3055
2006-09-11,10.2708
2006-09-12,10.217
2006-09-13,10.2374
2006-09-14,10.1942
2006-09-15,10.1176
2006-09-18,10.0876
2006-09-19,10.1064
2006-09-20,10.0925
2006-09-21,10.0779
2006-09-22,10.0667
2006-09-25,10.2075
2006-09-26,10.1919
2006-09-27,10.3327
2006-09-28,10.2988
2006-09-29,10.1964
2006-10-02,10.2735
2006-10-03,10.3149
2006-10-04,10.3568
2006-10-05,10.3257
2006-10-06,10.2677
2006-10-09,10.2579
2006-10-10,10.3327
2006-10-11,10.3568
2006-10-12,10.3534
2006-10-13,10.3671
2006-10-16,10.4171
2006-10-17,10.461
2006-10-18,10.5755
2006-10-19,10.6179
2006-10-20,10.6848
2006-10-23,10.6964
2006-10-24,10.7049
2006-10-25,10.8189
2006-10-26,10.7709
2006-10-27,10.7311
2006-10-30,10.7268
2006-10-31,10.7373
2006-11-01,10.8042
2006-11-02,10.7534
2006-11-03,10.675
2006-11-06,10.6268
2006-11-07,10.5916
2006-11-08,10.6964
2006-11-09,10.6933
2006-11-10,10.7739
2006-11-13,10.7709
2006-11-14,10.798
2006-11-15,10.7624
2006-11-16,10.8007
2006-11-17,10.8127
2006-11-20,10.7761
2006-11-21,10.7958
2006-11-22,10.8189
2006-11-24,10.8604
2006-11-27,10.7407
2006-11-28,10.8189
2006-11-29,10.954
2006-11-30,11.024
2006-12-01,11.0177
2006-12-04,11.1042
2006-12-05,11.1314
2006-12-06,11.077
2006-12-07,11.0645
2006-12-08,11.0324
2006-12-11,11.0922
2006-12-12,11.1349
2006-12-13,11.176
2006-12-14,11.1947
2006-12-15,11.0837
2006-12-18,11.0039
2006-12-19,11.0528
2006-12-20,11.0177
2006-12-21,11.0107
2006-12-22,10.9725
2006-12-26,11.0257
2006-12-27,11.0869
2006-12-28,11.02
2006-12-29,11.0177
2007-01-03,11.0466
2007-01-04,11.0324
2007-01-05,10.836
2007-01-08,10.8284
2007-01-09,10.8377
2007-01-10,10.8394
2007-01-11,10.8516
2007-01-12,10.7624
2007-01-16,10.7958
2007-01-17,10.8189
2007-01-18,10.8127
2007-01-19,10.8155
2007-01-22,10.8127
2007-01-23,10.8764
2007-01-24,10.9116
2007-01-25,10.9027
2007-01-26,10.8764
2007-01-29,10.9116
2007-01-30,10.9455
2007-01-31,10.9775
2007-02-01,11.0712
2007-02-02,11.1314
2007-02-05,11.2508
2007-02-06,11.3109
2007-02-07,11.3537
2007-02-08,11.3743
2007-02-09,11.4129
2007-02-12,11.3715
2007-02-13,11.4691
2007-02-14,11.5507
2007-02-15,11.4531
2007-02-16,11.4726
2007-02-20,11.504
2007-02-21,11.4553
2007-02-22,11.4691
2007-02-23,11.6024
2007-02-26,11.8779
2007-02-27,11.4469
2007-02-28,11.5374
2007-03-01,11.5963
2007-03-02,11.4161
2007-03-05,11.2722
2007-03-06,11.4392
2007-03-07,11.4161
2007-03-08,11.4755
2007-03-09,11.4607
2007-03-12,11.5907
2007-03-13,11.4192
2007-03-14,11.4755
2007-03-15,11.6239
2007-03-16,11.5204
2007-03-19,11.605
2007-03-20,11.7726
2007-03-21,11.9113
2007-03-22,11.8988
2007-03-23,11.9559
2007-03-26,12.0075
2007-03-27,11.9887
2007-03-28,11.9657
2007-03-29,12.0338
2007-03-30,11.9113
2007-04-02,12.1964
2007-04-03,12.2124
2007-04-04,12.1581
2007-04-05,12.2124
2007-04-09,12.3012
2007-04-10,12.3048
2007-04-11,12.2731
2007-04-12,12.2201
2007-04-13,12.2166
2007-04-16,12.2905
2007-04-17,12.3462
2007-04-18,12.4358
2007-04-19,12.3751
2007-04-20,12.4723
2007-04-23,12.5658
2007-04-24,12.6545
2007-04-25,12.6907
2007-04-26,12.6484
2007-04-27,12.544
2007-04-30,12.4955
2007-05-01,12.598
2007-05-02,12.6684
2007-05-03,12.6511
2007-05-04,12.6291
2007-05-07,12.7768
2007-05-08,12.7219
2007-05-09,12.7294
2007-05-10,12.6006
2007-05-11,12.6613
2007-05-14,12.7125
2007-05-15,12.7807
2007-05-16,12.8111
2007-05-17,12.7807
2007-05-18,12.8503
2007-05-21,12.8319
2007-05-22,12.8084
2007-05-23,12.6073
2007-05-24,12.3248
2007-05-25,12.331
2007-05-29,12.3676
2007-05-30,12.5213
2007-05-31,12.553
2007-06-01,12.4829
2007-06-04,12.4358
2007-06-05,12.2705
2007-06-06,12.0752
2007-06-07,11.7022
2007-06-08,11.7838
2007-06-11,11.9397
2007-06-12,11.7467
2007-06-13,11.9808
2007-06-14,12.0556
2007-06-15,12.1332
2007-06-18,12.0008
2007-06-19,12.0788
2007-06-20,11.7652
2007-06-21,11.8382
2007-06-22,11.6139
2007-06-25,11.6774
2007-06-26,11.6139
2007-06-27,11.7838
2007-06-28,11.7807
2007-06-29,11.8747
2007-07-02,12.0463
2007-07-03,12.0463
2007-07-05,12.0227
2007-07-06,11.9597
2007-07-09,11.9782
2007-07-10,11.8658
2007-07-11,11.897
2007-07-12,12.0463
2007-07-13,12.2246
2007-07-16,12.0481
2007-07-17,12.0623
2007-07-18,12.1505
2007-07-19,12.3462
2007-07-20,12.2124
2007-07-23,12.2214
2007-07-24,11.8577
2007-07-25,11.8805
2007-07-26,11.6106
2007-07-27,11.2659
2007-07-30,11.421
2007-07-31,11.4019
2007-08-01,11.6595
2007-08-02,11.7838
2007-08-03,11.3858
2007-08-06,11.7428
2007-08-07,11.9559
2007-08-08,12.1301
2007-08-09,11.9113
2007-08-10,11.7049
2007-08-13,11.7652
2007-08-14,11.5664
2007-08-15,11.4099
2007-08-16,11.4922
2007-08-17,11.5907
2007-08-20,11.6536
2007-08-21,11.6407
2007-08-22,11.7757
2007-08-23,11.8131
2007-08-24,11.8836
2007-08-27,11.5821
2007-08-28,11.4019
2007-08-29,11.6264
2007-08-30,11.605
2007-08-31,11.5821
2007-09-04,11.8069
2007-09-05,11.7757
2007-09-06,11.7909
2007-09-07,11.7049
2007-09-10,11.713
2007-09-11,11.7909
2007-09-12,11.8908
2007-09-13,11.914
2007-09-14,11.9113
2007-09-17,11.9201
2007-09-18,12.1964
2007-09-19,12.331
2007-09-20,12.1639
2007-09-21,12.0975
2007-09-24,12.1422
2007-09-25,12.1581
2007-09-26,12.2166
2007-09-27,12.1301
2007-09-28,11.9397
2007-10-01,12.1038
2007-10-02,12.1483
2007-10-03,12.1081
2007-10-04,12.1745
2007-10-05,12.2705
2007-10-08,12.2539
2007-10-09,12.3875
2007-10-10,12.2962
2007-10-11,12.4206
2007-10-12,12.3875
2007-10-15,12.2994
2007-10-16,12.2672
2007-10-17,12.3012
2007-10-18,12.1929
2007-10-19,11.9228
2007-10-22,12.0075
2007-10-23,12.0141
2007-10-24,12.0008
2007-10-25,12.2962
2007-10-26,12.4643
2007-10-29,12.5739
2007-10-30,12.589
2007-10-31,12.7361
2007-11-01,12.4749
2007-11-02,12.5761
2007-11-05,12.7157
2007-11-06,12.7268
2007-11-07,12.4358
2007-11-08,12.6787
2007-11-09,12.5797
2007-11-12,12.3627
2007-11-13,12.4665
2007-11-14,12.3908
2007-11-15,12.5026
2007-11-16,12.5053
2007-11-19,12.5406
2007-11-20,12.6933
2007-11-21,12.589
2007-11-23,12.5761
2007-11-26,12.5569
2007-11-27,12.6047
2007-11-28,12.8236
2007-11-29,12.7361
2007-11-30,12.8203
2007-12-03,12.9469
2007-12-04,13.0387
2007-12-05,13.2646
2007-12-06,13.1854
2007-12-07,13.2558
2007-12-10,13.3156
2007-12-11,13.0053
2007-12-12,13.008
2007-12-13,13.2014
2007-12-14,12.9545
2007-12-17,12.8347
2007-12-18,12.9495
2007-12-19,12.9162
2007-12-20,12.9741
2007-12-21,12.9015
2007-12-24,12.9638
2007-12-26,12.8992
2007-12-27,12.7842
2007-12-28,12.8779
2007-12-31,12.7005
2008-01-02,12.6291
2008-01-03,12.6101
2008-01-04,12.7062
2008-01-07,12.9709
2008-01-08,12.9741
2008-01-09,13.1137
2008-01-10,13.0324
2008-01-11,13.0312
2008-01-14,13.049
2008-01-15,12.9104
2008-01-16,12.6787
2008-01-17,12.1898
2008-01-18,12.0111
2008-01-22,11.5963
2008-01-23,11.905
2008-01-24,11.5821
2008-01-25,11.4553
2008-01-28,11.6358
2008-01-29,11.6737
2008-01-30,11.6139
2008-01-31,11.7673
2008-02-01,12.0726
2008-02-04,12.249
2008-02-05,11.8779
2008-02-06,11.8577
2008-02-07,11.7945
2008-02-08,11.7022
2008-02-11,11.7976
2008-02-12,11.9973
2008-02-13,11.9397
2008-02-14,11.7909
2008-02-15,11.9559
2008-02-19,11.8609
2008-02-20,11.8836
2008-02-21,11.6239
2008-02-22,11.826
2008-02-25,11.8382
2008-02-26,11.9915
2008-02-27,11.7049
2008-02-28,11.6264
2008-02-29,11.2842
2008-03-03,11.4553
2008-03-04,11.6536
2008-03-05,11.6202
2008-03-06,11.3827
2008-03-07,11.3109
2008-03-10,11.2967
2008-03-11,11.4922
2008-03-12,11.4922
2008-03-13,11.4553
2008-03-14,11.3715
2008-03-17,11.3765
2008-03-18,11.5787
2008-03-19,11.3502
2008-03-20,11.2366
2008-03-24,11.2722
2008-03-25,11.2387
2008-03-26,11.281
2008-03-27,11.3962
2008-03-28,11.2905
2008-03-31,11.3827
2008-04-01,11.6774
2008-04-02,11.826
2008-04-03,11.7652
2008-04-04,11.753
2008-04-07,11.8033
2008-04-08,11.8805
2008-04-09,11.8519
2008-04-10,11.7673
2008-04-11,11.7807
2008-04-14,11.7652
2008-04-15,11.8938
2008-04-16,12.1422
2008-04-17,12.1657
2008-04-18,12.2059
2008-04-21,12.0947
2008-04-22,12.0588
2008-04-23,12.0752
2008-04-24,12.0646
2008-04-25,12.1038
2008-04-28,11.9857
2008-04-29,12.0427
2008-04-30,11.9657
2008-05-01,12.106
2008-05-02,12.3073
2008-05-05,12.1301
2008-05-06,12.127
2008-05-07,11.943
2008-05-08,11.9749
2008-05-09,12.0141
2008-05-12,12.1301
2008-05-13,12.1118
2008-05-14,12.1581
2008-05-15,12.1452
2008-05-16,12.2348
2008-05-19,12.372
2008-05-20,12.4572
2008-05-21,12.3943
2008-05-22,12.4665
2008-05-23,12.2731
2008-05-27,12.3367
2008-05-28,12.3462
2008-05-29,12.4777
2008-05-30,12.3943
2008-06-02,12.3048
2008-06-03,12.1964
2008-06-04,12.3434
2008-06-05,12.4902
2008-06-06,12.1639
2008-06-09,12.3528
2008-06-10,12.3395
2008-06-11,12.3279
2008-06-12,12.2762
2008-06-13,12.3875
2008-06-16,12.4006
2008-06-17,12.4701
2008-06-18,12.4206
2008-06-19,12.4358
2008-06-20,12.203
2008-06-23,12.3496
2008-06-24,12.249
2008-06-25,12.3908
2008-06-26,12.0227
2008-06-27,11.9201
2008-06-30,12.2124
2008-07-01,12.2731
2008-07-02,12.242
2008-07-03,12.1148
2008-07-07,11.9937
2008-07-08,12.0588
2008-07-09,12.203
2008-07-10,12.2316
2008-07-11,12.139
2008-07-14,12.0556
2008-07-15,11.9715
2008-07-16,11.7334
2008-07-17,11.548
2008-07-18,11.5601
2008-07-21,11.7652
2008-07-22,11.7241
2008-07-23,11.4392
2008-07-24,11.421
2008-07-25,11.2842
2008-07-28,11.3109
2008-07-29,11.3262
2008-07-30,11.548
2008-07-31,11.4247
2008-08-01,11.098
2008-08-04,10.9775
2008-08-05,11.068
2008-08-06,11.1278
2008-08-07,11.1194
2008-08-08,11.1514
2008-08-11,11.2748
2008-08-12,11.1439
2008-08-13,11.1439
2008-08-14,11.0466
2008-08-15,11.0869
2008-08-18,11.101
2008-08-19,11.1603
2008-08-20,11.2022
2008-08-21,11.3109
2008-08-22,11.3561
2008-08-25,11.2366
2008-08-26,11.3582
2008-08-27,11.4392
2008-08-28,11.4584
2008-08-29,11.2985
2008-09-02,11.1603
2008-09-03,10.9838
2008-09-04,10.8453
2008-09-05,10.6179
2008-09-08,10.8854
2008-09-09,10.5436
2008-09-10,10.6595
2008-09-11,10.7437
2008-09-12,10.9455
2008-09-15,10.564
2008-09-16,10.4044
2008-09-17,9.90053
2008-09-18,10.2645
2008-09-19,10.5008
2008-09-22,10.2396
2008-09-23,10.0631
2008-09-24,10.1559
2008-09-25,10.3568
2008-09-26,10.3603
2008-09-29,9.81725
2008-09-30,9.97045
2008-10-01,9.92817
2008-10-02,9.7842
2008-10-03,9.63755
2008-10-06,9.16564
2008-10-07,8.79224
2008-10-08,8.63799
2008-10-09,8.05556
2008-10-10,7.72797
2008-10-13,8.66241
2008-10-14,8.5907
2008-10-15,7.95129
2008-10-16,8.18122
2008-10-17,8.22305
2008-10-20,8.9165
2008-10-21,8.63526
2008-10-22,8.27035
2008-10-23,8.46732
2008-10-24,8.24127
2008-10-27,7.92102
2008-10-28,8.71908
2008-10-29,8.44013
2008-10-30,8.91065
2008-10-31,8.67502
2008-11-03,8.7632
2008-11-04,8.92842
2008-11-05,8.7632
2008-11-06,8.35358
2008-11-07,8.71908
2008-11-10,8.50911
2008-11-11,8.50911
2008-11-12,8.22628
2008-11-13,8.85065
2008-11-14,8.64013
2008-11-17,8.62588
2008-11-18,8.53283
2008-11-19,8.34965
2008-11-20,7.86444
2008-11-21,8.64861
2008-11-24,8.7373
2008-11-25,8.91065
2008-11-26,8.88132
2008-11-28,9.03685
2008-12-01,8.4374
2008-12-02,8.65487
2008-12-03,8.80504
2008-12-04,8.48822
2008-12-05,8.54171
2008-12-08,8.67993
2008-12-09,8.5574
2008-12-10,8.68569
2008-12-11,8.61789
2008-12-12,8.67189
2008-12-15,8.53591
2008-12-16,8.82782
2008-12-17,8.55998
2008-12-18,8.63253
2008-12-19,8.57467
2008-12-22,8.46013
2008-12-23,8.36568
2008-12-24,8.40668
2008-12-26,8.42489
2008-12-29,8.44315
2008-12-30,8.57159
2008-12-31,8.7101
2009-01-02,8.91293
2009-01-05,9.03993
2009-01-06,8.91065
2009-01-07,8.83899
2009-01-08,8.79477
2009-01-09,8.72534
2009-01-12,8.72752
2009-01-13,8.5631
2009-01-14,8.45705
2009-01-15,8.50246
2009-01-16,8.67189
2009-01-20,8.52122
2009-01-21,8.61789
2009-01-22,8.61392
2009-01-23,8.63253
2009-01-26,8.83899
2009-01-27,8.88132
2009-01-28,8.93874
2009-01-29,8.87283
2009-01-30,8.69546
2009-02-02,8.74355
2009-02-03,8.78226
2009-02-04,8.84737
2009-02-05,8.91065
2009-02-06,8.96906
2009-02-09,8.9165
2009-02-10,8.66514
2009-02-11,8.63799
2009-02-12,8.5631
2009-02-13,8.51233
2009-02-17,8.14231
2009-02-18,8.02032
2009-02-19,8.05556
2009-02-20,7.87308
2009-02-23,7.68385
2009-02-24,7.90588
2009-02-25,7.85447
2009-02-26,7.72529
2009-02-27,7.60677
2009-03-02,7.36618
2009-03-03,7.10186
2009-03-04,7.16742
2009-03-05,6.9627
2009-03-06,6.9557
2009-03-09,6.8223
2009-03-10,6.91159
2009-03-11,6.90265
2009-03-12,6.99089
2009-03-13,7.08747
2009-03-16,7.27868
2009-03-17,7.39283
2009-03-18,7.63208
2009-03-19,7.74439
2009-03-20,7.60677
2009-03-23,7.90052
2009-03-24,7.72797
2009-03-25,7.72529
2009-03-26,7.81928
2009-03-27,7.74181
2009-03-30,7.58757
2009-03-31,7.66638
2009-04-01,7.6963
2009-04-02,7.79397
2009-04-03,7.84424
2009-04-06,7.78047
2009-04-07,7.74439
2009-04-08,7.81928
2009-04-09,7.82285
2009-04-13,7.71898
2009-04-14,7.62057
2009-04-15,7.69278
2009-04-16,7.74717
2009-04-17,7.73466
2009-04-20,7.64772
2009-04-21,7.67392
2009-04-22,7.59332
2009-04-23,7.62057
2009-04-24,7.6099
2009-04-27,7.6634
2009-04-28,7.69278
2009-04-29,7.74931
2009-04-30,7.75511
2009-05-01,7.96012
2009-05-04,8.07943
2009-05-05,8.06489
2009-05-06,8.01769
2009-05-07,8.05864
2009-05-08,8.17591
2009-05-11,8.13978
2009-05-12,8.19685
2009-05-13,7.97754
2009-05-14,7.97089
2009-05-15,7.78365
2009-05-18,7.78365
2009-05-19,7.92444
2009-05-20,7.78047
2009-05-21,7.68663
2009-05-22,7.74931
2009-05-26,7.97486
2009-05-27,7.81352
2009-05-28,7.97486
2009-05-29,8.03149
2009-06-01,8.29035
2009-06-02,8.19099
2009-06-03,8.05278
2009-06-04,8.12816
2009-06-05,8.1366
2009-06-08,8.08573
2009-06-09,8.06489
2009-06-10,8.19099
2009-06-11,8.34965
2009-06-12,8.45377
2009-06-15,8.2841
2009-06-16,8.22628
2009-06-17,8.25025
2009-06-18,8.4374
2009-06-19,8.24127
2009-06-22,8.21769
2009-06-23,8.14464
2009-06-24,8.21546
2009-06-25,8.35358
2009-06-26,8.32325
2009-06-29,8.43035
2009-06-30,8.36836
2009-07-01,8.47626
2009-07-02,8.23377
2009-07-06,8.28008
2009-07-07,8.11611
2009-07-08,8.07943
2009-07-09,8.08315
2009-07-10,8.07412
2009-07-13,8.21546
2009-07-14,8.27745
2009-07-15,8.44315
2009-07-16,8.44598
2009-07-17,8.40668
2009-07-20,8.46995
2009-07-21,8.55417
2009-07-22,8.50911
2009-07-23,8.73065
2009-07-24,8.86966
2009-07-27,8.84737
2009-07-28,8.7039
2009-07-29,8.66241
2009-07-30,8.79477
2009-07-31,8.68206
2009-08-03,8.76946
2009-08-04,8.64013
2009-08-05,8.58052
2009-08-06,8.59477
2009-08-07,8.6776
2009-08-10,8.69546
2009-08-11,8.70042
2009-08-12,8.74355
2009-08-13,8.71199
2009-08-14,8.71199
2009-08-17,8.59387
2009-08-18,8.61035
2009-08-19,8.67502
2009-08-20,8.74628
2009-08-21,8.9165
2009-08-24,8.93129
2009-08-25,8.87497
2009-08-26,8.86618
2009-08-27,8.86618
2009-08-28,8.84484
2009-08-31,8.76946
2009-09-01,8.70042
2009-09-02,8.64013
2009-09-03,8.63526
2009-09-04,8.6776
2009-09-08,8.69725
2009-09-09,8.68569
2009-09-10,8.68569
2009-09-11,8.68206
2009-09-14,8.80693
2009-09-15,8.87497
2009-09-16,9.01586
2009-09-17,8.95531
2009-09-18,8.90489
2009-09-21,8.86216
2009-09-22,8.83899
2009-09-23,8.80693
2009-09-24,8.78554
2009-09-25,8.76003
2009-09-28,8.83636
2009-09-29,8.85363
2009-09-30,8.79928
2009-10-01,8.64861
2009-10-02,8.5574
2009-10-05,8.64861
2009-10-06,8.71546
2009-10-07,8.72167
2009-10-08,8.72167
2009-10-09,8.77571
2009-10-12,8.86618
2009-10-13,8.80236
2009-10-14,8.80693
2009-10-15,8.87814
2009-10-16,8.90802
2009-10-19,9.03368
2009-10-20,8.9441
2009-10-21,8.95531
2009-10-22,8.97665
2009-10-23,8.83055
2009-10-26,8.71199
2009-10-27,8.69239
2009-10-28,8.60355
2009-10-29,8.67993
2009-10-30,8.51809
2009-11-02,8.50246
2009-11-03,8.48469
2009-11-04,8.54171
2009-11-05,8.68569
2009-11-06,8.6776
2009-11-09,8.83358
2009-11-10,8.87497
2009-11-11,8.85363
2009-11-12,8.73065
2009-11-13,8.80693
2009-11-16,8.93129
2009-11-17,8.8839
2009-11-18,8.84484
2009-11-19,8.7373
2009-11-20,8.77571
2009-11-23,8.88668
2009-11-24,8.90489
2009-11-25,9.00613
2009-11-27,8.85363
2009-11-30,8.92842
2009-12-01,9.09606
2009-12-02,9.22132
2009-12-03,9.24981
2009-12-04,9.19363
2009-12-07,9.27477
2009-12-08,9.23517
2009-12-09,9.26678
2009-12-10,9.38484
2009-12-11,9.54613
2009-12-14,9.5907
2009-12-15,9.53274
2009-12-16,9.48956
2009-12-17,9.43571
2009-12-18,9.40579
2009-12-21,9.43333
2009-12-22,9.35546
2009-12-23,9.37596
2009-12-24,9.4438
2009-12-28,9.45035
2009-12-29,9.4438
2009-12-30,9.44097
2009-12-31,9.30648
2010-01-04,9.32519
2010-01-05,9.21333
2010-01-06,9.26678
2010-01-07,9.22618
2010-01-08,9.2173
2010-01-11,9.31224
2010-01-12,9.27477
2010-01-13,9.37596
2010-01-14,9.33353
2010-01-15,9.27477
2010-01-19,9.38177
2010-01-20,9.28326
2010-01-21,9.14698
2010-01-22,8.94678
2010-01-25,9.00613
2010-01-26,9.04221
2010-01-27,8.98236
2010-01-28,8.91293
2010-01-29,8.85938
2010-02-01,8.9165
2010-02-02,8.98911
2010-02-03,8.92598
2010-02-04,8.69239
2010-02-05,8.6776
2010-02-08,8.57774
2010-02-09,8.66514
2010-02-10,8.62588
2010-02-11,8.6776
2010-02-12,8.64236
2010-02-16,8.79477
2010-02-17,8.75784
2010-02-18,8.80504
2010-02-19,8.92842
2010-02-22,8.88132
2010-02-23,8.82157
2010-02-24,8.83055
2010-02-25,8.8104
2010-02-26,8.74355
2010-03-01,8.86966
2010-03-02,8.89551
2010-03-03,8.88132
2010-03-04,8.89909
2010-03-05,8.98911
2010-03-08,8.98911
2010-03-09,8.97665
2010-03-10,8.97928
2010-03-11,9.01
2010-03-12,8.95214
2010-03-15,8.98603
2010-03-16,9.09075
2010-03-17,9.12062
2010-03-18,9.08008
2010-03-19,8.98911
2010-03-22,8.92842
2010-03-23,8.96549
2010-03-24,8.87283
2010-03-25,8.81452
2010-03-26,8.83636
2010-03-29,8.9441
2010-03-30,8.92013
2010-03-31,8.89909
2010-04-01,9.02256
2010-04-05,9.07646
2010-04-06,9.14951
2010-04-07,9.06038
2010-04-08,9.00613
2010-04-09,9.07338
2010-04-12,9.09606
2010-04-13,9.04886
2010-04-14,9.05775
2010-04-15,9.05368
2010-04-16,8.9499
2010-04-19,8.95879
2010-04-20,9.07338
2010-04-21,9.08261
2010-04-22,9.11174
2010-04-23,9.18345
2010-04-26,9.14951
2010-04-27,8.99497
2010-04-28,9.08762
2010-04-29,9.09606
2010-04-30,9.13353
2010-05-03,9.24981
2010-05-04,9.09075
2010-05-05,9.02837
2010-05-06,8.77928
2010-05-07,8.73065
2010-05-10,9.00082
2010-05-11,9.01943
2010-05-12,9.09303
2010-05-13,9.05368
2010-05-14,8.97928
2010-05-17,8.98911
2010-05-18,8.90181
2010-05-19,8.8104
2010-05-20,8.54707
2010-05-21,8.58757
2010-05-24,8.50559
2010-05-25,8.46013
2010-05-26,8.45705
2010-05-27,8.62142
2010-05-28,8.62906
2010-06-01,8.42717
2010-06-02,8.60355
2010-06-03,8.69546
2010-06-04,8.4374
2010-06-07,8.48822
2010-06-08,8.59735
2010-06-09,8.5507
2010-06-10,8.76003
2010-06-11,8.76628
2010-06-14,8.81794
2010-06-15,8.98911
2010-06-16,9.04489
2010-06-17,9.11174
2010-06-18,9.02613
2010-06-21,8.96246
2010-06-22,8.74047
2010-06-23,8.66241
2010-06-24,8.61392
2010-06-25,8.65263
2010-06-28,8.7101
2010-06-29,8.53283
2010-06-30,8.47745
2010-07-01,8.44013
2010-07-02,8.44802
2010-07-06,8.54707
2010-07-07,8.8104
2010-07-08,8.88132
2010-07-09,8.94201
2010-07-12,8.97085
2010-07-13,9.00082
2010-07-14,9.00246
2010-07-15,9.064
2010-07-16,8.90802
2010-07-19,9.04489
2010-07-20,9.12688
2010-07-21,8.98603
2010-07-22,9.13035
2010-07-23,9.14375
2010-07-26,9.20966
2010-07-27,9.34514
2010-07-28,9.30067
2010-07-29,9.15665
2010-07-30,9.11174
2010-08-02,9.30067
2010-08-03,9.25517
2010-08-04,9.29482
2010-08-05,9.28058
2010-08-06,9.29705
2010-08-09,9.33189
2010-08-10,9.38484
2010-08-11,9.19551
2010-08-12,9.17849
2010-08-13,9.20966
2010-08-16,9.20966
2010-08-17,9.30067
2010-08-18,9.24981
2010-08-19,9.11839
2010-08-20,9.14236
2010-08-23,9.20172
2010-08-24,9.2173
2010-08-25,9.20966
2010-08-26,9.16876
2010-08-27,9.34256
2010-08-30,9.20172
2010-08-31,9.2436
2010-09-01,9.4438
2010-09-02,9.4438
2010-09-03,9.48777
2010-09-07,9.43839
2010-09-08,9.39288
2010-09-09,9.48777
2010-09-10,9.43333
2010-09-13,9.46693
2010-09-14,9.45348
2010-09-15,9.39958
2010-09-16,9.36658
2010-09-17,9.25517
2010-09-20,9.37809
2010-09-21,9.33189
2010-09-22,9.39556
2010-09-23,9.28991
2010-09-24,9.43839
2010-09-27,9.45705
2010-09-28,9.46326
2010-09-29,9.4438
2010-09-30,9.4174
2010-10-01,9.46693
2010-10-04,9.44628
2010-10-05,9.55194
2010-10-06,9.50787
2010-10-07,9.52703
2010-10-08,9.55556
2010-10-11,9.55914
2010-10-12,9.52082
2010-10-13,9.55556
2010-10-14,9.53993
2010-10-15,9.57159
2010-10-18,9.57159
2010-10-19,9.58812
2010-10-20,9.66653
2010-10-21,9.62589
2010-10-22,9.56221
2010-10-25,9.53993
2010-10-26,9.5168
2010-10-27,9.4776
2010-10-28,9.50117
2010-10-29,9.51636
2010-11-01,9.42405
2010-11-02,9.53551
2010-11-03,9.5168
2010-11-04,9.61919
2010-11-05,9.61576
2010-11-08,9.56221
2010-11-09,9.52971
2010-11-10,9.48777
2010-11-11,9.48068
2010-11-12,9.40276
2010-11-15,9.43571
2010-11-16,9.32519
2010-11-17,9.32157
2010-11-18,9.37596
2010-11-19,9.33988
2010-11-22,9.36658
2010-11-23,9.2641
2010-11-24,9.32157
2010-11-26,9.25834
2010-11-29,9.24097
2010-11-30,9.22842
2010-12-01,9.33675
2010-12-02,9.36479
2010-12-03,9.38484
2010-12-06,9.35854
2010-12-07,9.29482
2010-12-08,9.26092
2010-12-09,9.30067
2010-12-10,9.33675
2010-12-13,9.38177
2010-12-14,9.40579
2010-12-15,9.32519
2010-12-16,9.40941
2010-12-17,9.34514
2010-12-20,9.35854
2010-12-21,9.36177
2010-12-22,9.40276
2010-12-23,9.40941
2010-12-27,9.41611
2010-12-28,9.44628
2010-12-29,9.41522
2010-12-30,9.39824
2010-12-31,9.40445
2011-01-03,9.44628
2011-01-04,9.49234
2011-01-05,9.43333
2011-01-06,9.44097
2011-01-07,9.47522
2011-01-10,9.42405
2011-01-11,9.43839
2011-01-12,9.48777
2011-01-13,9.4776
2011-01-14,9.52345
2011-01-18,9.54613
2011-01-19,9.52345
2011-01-20,9.59343
2011-01-21,9.58628
2011-01-24,9.63929
2011-01-25,9.62589
2011-01-26,9.58812
2011-01-27,9.62589
2011-01-28,9.49447
2011-01-31,9.5168
2011-02-01,9.61214
2011-02-02,9.56221
2011-02-03,9.60053
2011-02-04,9.53993
2011-02-07,9.6042
2011-02-08,9.60053
2011-02-09,9.60053
2011-02-10,9.61919
2011-02-11,9.60053
2011-02-14,9.53274
2011-02-15,9.56221
2011-02-16,9.53993
2011-02-18,9.57517
2011-02-22,9.53274
2011-02-23,9.5114
2011-02-24,9.47522
2011-02-25,9.52971
2011-02-28,9.63621
2011-03-01,9.5373
2011-03-02,9.55105
2011-03-03,9.66117
2011-03-04,9.6042
2011-03-07,9.63929
2011-03-08,9.74723
2011-03-09,9.84609
2011-03-10,9.7378
2011-03-11,9.75829
2011-03-14,9.62867
2011-03-15,9.4438
2011-03-16,9.29705
2011-03-17,9.30906
2011-03-18,9.35546
2011-03-21,9.46509
2011-03-22,9.47894
2011-03-23,9.47348
2011-03-24,9.51274
2011-03-25,9.51055
2011-03-28,9.47621
2011-03-29,9.57115
2011-03-30,9.68078
2011-03-31,9.65303
2011-04-01,9.7315
2011-04-04,9.72484
2011-04-05,9.68708
2011-04-06,9.75527
2011-04-07,9.71556
2011-04-08,9.68916
2011-04-11,9.56137
2011-04-12,9.5373
2011-04-13,9.56137
2011-04-14,9.61919
2011-04-15,9.72484
2011-04-18,9.63978
2011-04-19,9.64291
2011-04-20,9.76728
2011-04-21,9.76728
2011-04-25,9.78013
2011-04-26,9.8582
2011-04-27,9.93611
2011-04-28,10.0252
2011-04-29,10.044
2011-05-02,10.0485
2011-05-03,10.1126
2011-05-04,10.1007
2011-05-05,10.0283
2011-05-06,10.0854
2011-05-09,10.105
2011-05-10,10.2509
2011-05-11,10.2195
2011-05-12,10.3224
2011-05-13,10.274
2011-05-16,10.2855
2011-05-17,10.3621
2011-05-18,10.3278
2011-05-19,10.3506
2011-05-20,10.3395
2011-05-23,10.2195
2011-05-24,10.2099
2011-05-25,10.1888
2011-05-26,10.1848
2011-05-27,10.1848
2011-05-31,10.2615
2011-06-01,10.1544
2011-06-02,10.1259
2011-06-03,10.0546
2011-06-06,10.0098
2011-06-07,10.0235
2011-06-08,10.0461
2011-06-09,10.0533
2011-06-10,9.98921
2011-06-13,10.0341
2011-06-14,10.0733
2011-06-15,9.94951
2011-06-16,10.0297
2011-06-17,10.0965
2011-06-20,10.1541
2011-06-21,10.1606
2011-06-22,10.0933
2011-06-23,10.0084
2011-06-24,10.0382
2011-06-27,10.1118
2011-06-28,10.1577
2011-06-29,10.2253
2011-06-30,10.2446
2011-07-01,10.3703
2011-07-05,10.3077
2011-07-06,10.3292
2011-07-07,10.3724
2011-07-08,10.3323
2011-07-11,10.2228
2011-07-12,10.269
2011-07-13,10.2396
2011-07-14,10.1937
2011-07-15,10.2099
2011-07-18,10.1118
2011-07-19,10.1999
2011-07-20,10.262
2011-07-21,10.4152
2011-07-22,10.3492
2011-07-25,10.3871
2011-07-26,10.35
2011-07-27,10.3202
2011-07-28,10.2547
2011-07-29,10.1491
2011-08-01,10.1822
2011-08-02,10.0084
2011-08-03,10.0084
2011-08-04,9.68162
2011-08-05,9.75968
2011-08-08,9.24316
2011-08-09,9.54435
2011-08-10,9.36524
2011-08-11,9.75968
2011-08-12,9.70082
2011-08-15,10.0413
2011-08-16,10.0204
2011-08-17,10.0933
2011-08-18,9.97403
2011-08-19,9.91427
2011-08-22,9.88936
2011-08-23,10.0667
2011-08-24,10.2828
2011-08-25,10.1158
2011-08-26,10.0997
2011-08-29,10.3006
2011-08-30,10.3042
2011-08-31,10.3736
2011-09-01,10.3042
2011-09-02,10.1826
2011-09-06,10.1412
2011-09-07,10.2513
2011-09-08,10.2456
2011-09-09,10.039
2011-09-12,10.122
2011-09-13,10.1874
2011-09-14,10.2583
2011-09-15,10.3871
2011-09-16,10.5048
2011-09-19,10.4473
2011-09-20,10.5982
2011-09-21,10.4031
2011-09-22,10.2271
2011-09-23,10.3297
2011-09-26,10.4137
2011-09-27,10.4499
2011-09-28,10.3447
2011-09-29,10.511
2011-09-30,10.3929
2011-10-03,10.1465
2011-10-04,10.0979
2011-10-05,10.1027
2011-10-06,10.2828
2011-10-07,10.327
2011-10-10,10.528
2011-10-11,10.4317
2011-10-12,10.4072
2011-10-13,10.4072
2011-10-14,10.5048
2011-10-17,10.4615
2011-10-18,10.5374
2011-10-19,10.5462
2011-10-20,10.6041
2011-10-21,10.7838
2011-10-24,10.7369
2011-10-25,10.6171
2011-10-26,10.6599
2011-10-27,10.9139
2011-10-28,10.8243
2011-10-31,10.7752
2011-11-01,10.5489
2011-11-02,10.7344
2011-11-03,10.8648
2011-11-04,10.8145
2011-11-07,10.8751
2011-11-08,10.9455
2011-11-09,10.7066
2011-11-10,10.7766
2011-11-11,10.9316
2011-11-14,10.8029
2011-11-15,10.8213
2011-11-16,10.6914
2011-11-17,10.6363
2011-11-18,10.7093
2011-11-21,10.5765
2011-11-22,10.4473
2011-11-23,10.2828
2011-11-25,10.3354
2011-11-28,10.4647
2011-11-29,10.5797
2011-11-30,10.8863
2011-12-01,10.854
2011-12-02,10.7459
2011-12-05,10.8274
2011-12-06,10.8564
2011-12-07,10.8412
2011-12-08,10.6857
2011-12-09,10.8209
2011-12-12,10.7282
2011-12-13,10.7683
2011-12-14,10.7022
2011-12-15,10.8314
2011-12-16,10.7984
2011-12-19,10.7174
2011-12-20,10.9464
2011-12-21,11.1073
2011-12-22,11.1203
2011-12-23,11.1927
2011-12-27,11.2833
2011-12-28,11.2418
2011-12-29,11.3297
2011-12-30,11.2477
2012-01-03,11.048
2012-01-04,10.986
2012-01-05,11.007
2012-01-06,10.9491
2012-01-09,10.9643
2012-01-10,10.9793
2012-01-11,10.9299
2012-01-12,10.9144
2012-01-13,10.908
2012-01-17,10.8978
2012-01-18,10.8947
2012-01-19,10.8051
2012-01-20,10.8209
2012-01-23,10.8645
2012-01-24,10.7756
2012-01-25,10.9545
2012-01-26,10.9928
2012-01-27,10.8564
2012-01-30,10.789
2012-01-31,10.8422
2012-02-01,10.88
2012-02-02,10.8604
2012-02-03,10.8894
2012-02-06,10.8412
2012-02-07,10.921
2012-02-08,10.9325
2012-02-09,10.9015
2012-02-10,10.88
2012-02-13,10.8679
2012-02-14,10.8716
2012-02-15,10.8483
2012-02-16,10.9643
2012-02-17,10.9572
2012-02-21,10.9174
2012-02-22,10.9299
2012-02-23,10.921
2012-02-24,10.9683
2012-02-27,10.9643
2012-02-28,10.9116
2012-02-29,10.9077
2012-03-01,10.9358
2012-03-02,10.9299
2012-03-05,10.9545
2012-03-06,10.9116
2012-03-07,10.9174
2012-03-08,10.9523
2012-03-09,10.9973
2012-03-12,11.1203
2012-03-13,11.1567
2012-03-14,10.9936
2012-03-15,10.9827
2012-03-16,10.9745
2012-03-19,10.8978
2012-03-20,10.9116
2012-03-21,10.8889
2012-03-22,10.9144
2012-03-23,10.9174
2012-03-26,10.9936
2012-03-27,11.0466
2012-03-28,10.9545
2012-03-29,10.9999
2012-03-30,11.0614
2012-04-02,11.1117
2012-04-03,11.1064
2012-04-04,11.0909
2012-04-05,11.0021
2012-04-09,10.9523
2012-04-10,10.8096
2012-04-11,10.8368
2012-04-12,10.8711
2012-04-13,10.8337
2012-04-16,10.9362
2012-04-17,10.9905
2012-04-18,10.9745
2012-04-19,10.9428
2012-04-20,11.0495
2012-04-23,11.0021
2012-04-24,11.0787
2012-04-25,11.1357
2012-04-26,11.1974
2012-04-27,11.2366
2012-04-30,11.2513
2012-05-01,11.3082
2012-05-02,11.2415
2012-05-03,11.2075
2012-05-04,11.2241
2012-05-07,11.2004
2012-05-08,11.2209
2012-05-09,11.2271
2012-05-10,11.3306
2012-05-11,11.3372
2012-05-14,11.3247
2012-05-15,11.245
2012-05-16,11.261
2012-05-17,11.1974
2012-05-18,11.176
2012-05-21,11.1884
2012-05-22,11.2677
2012-05-23,11.2075
2012-05-24,11.2516
2012-05-25,11.2901
2012-05-29,11.3247
2012-05-30,11.2552
2012-05-31,11.3164
2012-06-01,11.2677
2012-06-04,11.3051
2012-06-05,11.3479
2012-06-06,11.504
2012-06-07,11.5921
2012-06-08,11.6181
2012-06-11,11.6077
2012-06-12,11.6211
2012-06-13,11.6248
2012-06-14,11.704
2012-06-15,11.7619
2012-06-18,11.8069
2012-06-19,11.7797
2012-06-20,11.6657
2012-06-21,11.5458
2012-06-22,11.548
2012-06-25,11.5248
2012-06-26,11.5427
2012-06-27,11.6715
2012-06-28,11.7134
2012-06-29,11.7797
2012-07-02,11.8546
2012-07-03,11.8252
2012-07-05,11.7558
2012-07-06,11.7285
2012-07-09,11.6902
2012-07-10,11.7107
2012-07-11,11.7705
2012-07-12,11.7854
2012-07-13,11.892
2012-07-16,11.8849
2012-07-17,11.9107
2012-07-18,11.9496
2012-07-19,11.9719
2012-07-20,11.9959
2012-07-23,11.9166
2012-07-24,11.8126
2012-07-25,11.8069
2012-07-26,11.9892
2012-07-27,12.1305
2012-07-30,12.1745
2012-07-31,12.0752
2012-08-01,11.9844
2012-08-02,11.9166
2012-08-03,12.0579
2012-08-06,12.0284
2012-08-07,11.9046
2012-08-08,11.9201
2012-08-09,11.9201
2012-08-10,11.955
2012-08-13,11.9421
2012-08-14,11.9304
2012-08-15,11.873
2012-08-16,11.844
2012-08-17,11.8131
2012-08-20,11.8341
2012-08-21,11.7491
2012-08-22,11.7285
2012-08-23,11.6077
2012-08-24,11.663
2012-08-27,11.6866
2012-08-28,11.6657
2012-08-29,11.6461
2012-08-30,11.5895
2012-08-31,11.577
2012-09-04,11.6221
2012-09-05,11.5699
2012-09-06,11.703
2012-09-07,11.6639
2012-09-10,11.6493
2012-09-11,11.6211
2012-09-12,11.5534
2012-09-13,11.7166
2012-09-14,11.6378
2012-09-17,11.5631
2012-09-18,11.5284
2012-09-19,11.5427
2012-09-20,11.5899
2012-09-21,11.5957
2012-09-24,11.7058
2012-09-25,11.6798
2012-09-26,11.7058
2012-09-27,11.6608
2012-09-28,11.713
2012-10-01,11.6567
2012-10-02,11.7183
2012-10-03,11.7757
2012-10-04,11.8436
2012-10-05,11.8248
2012-10-08,11.8436
2012-10-09,11.8217
2012-10-10,11.8022
2012-10-11,11.8154
2012-10-12,11.7477
2012-10-15,11.7964
2012-10-16,11.8394
2012-10-17,11.9851
2012-10-18,12.0395
2012-10-19,11.9425
2012-10-22,11.9113
2012-10-23,11.8022
2012-10-24,11.7151
2012-10-25,11.7726
2012-10-26,11.7726
2012-10-31,11.8752
2012-11-01,11.7508
2012-11-02,11.6697
2012-11-05,11.4799
2012-11-06,11.4879
2012-11-07,11.245
2012-11-08,11.2263
2012-11-09,11.158
2012-11-12,11.0645
2012-11-13,11.1064
2012-11-14,11.0297
2012-11-15,10.9651
2012-11-16,11.0583
2012-11-19,11.068
2012-11-20,11.048
2012-11-21,11.0011
2012-11-23,10.9721
2012-11-26,11.1095
2012-11-27,11.1389
2012-11-28,11.1844
2012-11-29,11.2477
2012-11-30,11.3702
2012-12-03,11.2971
2012-12-04,11.2387
2012-12-05,11.4087
2012-12-06,11.4029
2012-12-07,11.4124
2012-12-10,11.4156
2012-12-11,11.441
2012-12-12,11.421
2012-12-13,11.3765
2012-12-14,11.3319
2012-12-17,11.5051
2012-12-18,11.5869
2012-12-19,11.5004
2012-12-20,11.5359
2012-12-21,11.4972
2012-12-24,11.4482
2012-12-26,11.3497
2012-12-27,11.3302
2012-12-28,11.2169
2012-12-31,11.3715
2013-01-02,11.5782
2013-01-03,11.5782
2013-01-04,11.6358
2013-01-07,11.5217
2013-01-08,11.4879
2013-01-09,11.4629
2013-01-10,11.5123
2013-01-11,11.5248
2013-01-14,11.5036
2013-01-15,11.5365
2013-01-16,11.4799
2013-01-17,11.5248
2013-01-18,11.6167
2013-01-22,11.7148
2013-01-23,11.6849
2013-01-24,11.7366
2013-01-25,11.7967
2013-01-28,11.7887
2013-01-29,11.8706
2013-01-30,11.8801
2013-01-31,11.9113
2013-02-01,11.9416
2013-02-04,11.8614
2013-02-05,11.8947
2013-02-06,11.93
2013-02-07,11.9447
2013-02-08,11.9447
2013-02-11,11.9753
2013-02-12,12.0266
2013-02-13,12.0266
2013-02-14,11.93
2013-02-15,11.955
2013-02-19,12.0605
2013-02-20,12.037
2013-02-21,11.9848
2013-02-22,12.1052
2013-02-25,11.9968
2013-02-26,12.0332
2013-02-27,12.1443
2013-02-28,12.1853
2013-03-01,12.2117
2013-03-04,12.3328
2013-03-05,12.3979
2013-03-06,12.3904
2013-03-07,12.3346
2013-03-08,12.3627
2013-03-11,12.3911
2013-03-12,12.3591
2013-03-13,12.4152
2013-03-14,12.4402
2013-03-15,12.5231
2013-03-18,12.4536
2013-03-19,12.4856
2013-03-20,12.577
2013-03-21,12.5164
2013-03-22,12.5338
2013-03-25,12.5092
2013-03-26,12.6287
2013-03-27,12.6859
2013-03-28,12.8405
2013-04-01,12.8111
2013-04-02,12.8546
2013-04-03,12.8181
2013-04-04,12.9398
2013-04-05,12.9951
2013-04-08,13.0939
2013-04-09,13.0542
2013-04-10,13.1599
2013-04-11,13.1889
2013-04-12,13.2441
2013-04-15,13.0542
2013-04-16,13.2124
2013-04-17,13.1359
2013-04-18,13.179
2013-04-19,13.3773
2013-04-22,13.3591
2013-04-23,13.3926
2013-04-24,13.4357
2013-04-25,13.439
2013-04-26,13.4576
2013-04-29,13.5714
2013-04-30,13.607
2013-05-01,13.4728
2013-05-02,13.4539
2013-05-03,13.43
2013-05-06,13.2405
2013-05-07,13.3711
2013-05-08,13.2513
2013-05-09,13.0512
2013-05-10,13.0805
2013-05-13,13.0111
2013-05-14,13.1012
2013-05-15,13.2255
2013-05-16,13.1163
2013-05-17,13.2405
2013-05-20,13.1756
2013-05-21,13.2018
2013-05-22,12.9795
2013-05-23,12.8894
2013-05-24,12.7522
2013-05-28,12.6047
2013-05-29,12.4189
2013-05-30,12.45
2013-05-31,12.376
2013-06-03,12.4014
2013-06-04,12.36
2013-06-05,12.2509
2013-06-06,12.3952
2013-06-07,12.4691
2013-06-10,12.467
2013-06-11,12.385
2013-06-12,12.2628
2013-06-13,12.4643
2013-06-14,12.4777
2013-06-17,12.5205
2013-06-18,12.6047
2013-06-19,12.3154
2013-06-20,11.9677
2013-06-21,12.1233
2013-06-24,12.1132
2013-06-25,12.2718
2013-06-26,12.4272
2013-06-27,12.4549
2013-06-28,12.4844
2013-07-01,12.3288
2013-07-02,12.3252
2013-07-03,12.2789
2013-07-05,12.2436
2013-07-08,12.4189
2013-07-09,12.5088
2013-07-10,12.577
2013-07-11,12.7798
2013-07-12,12.8203
2013-07-15,13.0298
2013-07-16,12.9593
2013-07-17,12.9523
2013-07-18,13.0658
2013-07-19,13.069
2013-07-22,13.0551
2013-07-23,13.0891
2013-07-24,12.889
2013-07-25,13.008
2013-07-26,13.0551
2013-07-29,13.0793
2013-07-30,13.122
2013-07-31,13.0266
2013-08-01,13.1345
2013-08-02,13.1185
2013-08-05,13.032
2013-08-06,12.9661
2013-08-07,13.0266
2013-08-08,13.0762
2013-08-09,12.9861
2013-08-12,12.9162
2013-08-13,12.8459
2013-08-14,12.7646
2013-08-15,12.6006
2013-08-16,12.4549
2013-08-19,12.3493
2013-08-20,12.4661
2013-08-21,12.3212
2013-08-22,12.3916
2013-08-23,12.4945
2013-08-26,12.4032
2013-08-27,12.3952
2013-08-28,12.4388
2013-08-29,12.3658
2013-08-30,12.3746
2013-09-03,12.2321
2013-09-04,12.2321
2013-09-05,12.1823
2013-09-06,12.269
2013-09-09,12.3128
2013-09-10,12.4081
2013-09-11,12.2905
2013-09-12,12.2535
2013-09-13,12.3471
2013-09-16,12.3778
2013-09-17,12.4509
2013-09-18,12.8231
2013-09-19,12.7627
2013-09-20,12.5712
2013-09-23,12.7254
2013-09-24,12.7157
2013-09-25,12.6291
2013-09-26,12.611
2013-09-27,12.5303
2013-09-30,12.5191
2013-10-01,12.5548
2013-10-02,12.5686
2013-10-03,12.4201
2013-10-04,12.4442
2013-10-07,12.3833
2013-10-08,12.471
2013-10-09,12.5221
2013-10-10,12.7085
2013-10-11,12.7691
2013-10-14,12.6987
2013-10-15,12.5221
2013-10-16,12.6345
2013-10-17,12.839
2013-10-18,12.8734
2013-10-21,12.8453
2013-10-22,13.0093
2013-10-23,13.0214
2013-10-24,12.9928
2013-10-25,13.1301
2013-10-28,13.1046
2013-10-29,13.1242
2013-10-30,13.0361
2013-10-31,12.9902
2013-11-01,13.0827
2013-11-04,13.1101
2013-11-05,13.0173
2013-11-06,13.1947
2013-11-07,13.0704
2013-11-08,13.0477
2013-11-11,13.0436
2013-11-12,12.9322
2013-11-13,12.9965
2013-11-14,13.1101
2013-11-15,13.1871
2013-11-18,13.1711
2013-11-19,13.0744
2013-11-20,12.9295
2013-11-21,12.9598
2013-11-22,12.9499
2013-11-25,12.9011
2013-11-26,12.7726
2013-11-27,12.7455
2013-11-29,12.7388
2013-12-02,12.6845
2013-12-03,12.7485
2013-12-04,12.8061
2013-12-05,12.7028
2013-12-06,12.8765
2013-12-09,12.7994
2013-12-10,12.6734
2013-12-11,12.5686
2013-12-12,12.5837
2013-12-13,12.5654
2013-12-16,12.6309
2013-12-17,12.6087
2013-12-18,12.7749
2013-12-19,12.6817
2013-12-20,12.8074
2013-12-23,12.757
2013-12-24,12.8074
2013-12-26,12.7498
2013-12-27,12.8012
2013-12-30,12.831
2013-12-31,12.8555
2014-01-02,12.6581
2014-01-03,12.618
2014-01-06,12.6381
2014-01-07,12.7498
2014-01-08,12.6821
2014-01-09,12.757
2014-01-10,12.9398
2014-01-13,12.8074
2014-01-14,12.8248
2014-01-15,12.8012
2014-01-16,12.8873
2014-01-17,12.884
2014-01-21,13.0275
2014-01-22,13.0405
2014-01-23,13.0031
2014-01-24,12.8583
2014-01-27,12.8873
2014-01-28,12.9358
2014-01-29,12.9287
2014-01-30,13.1288
2014-01-31,13.2366
2014-02-03,13.1319
2014-02-04,13.0542
2014-02-05,12.997
2014-02-06,13.0923
2014-02-07,13.1631
2014-02-10,13.2611
2014-02-11,13.3854
2014-02-12,13.4023
2014-02-13,13.5494
2014-02-14,13.6364
2014-02-18,13.6844
2014-02-19,13.6065
2014-02-20,13.7111
2014-02-21,13.7285
2014-02-24,13.6941
2014-02-25,13.677
2014-02-26,13.6331
2014-02-27,13.5989
2014-02-28,13.6941
2014-03-03,13.558
2014-03-04,13.6568
2014-03-05,13.5663
2014-03-06,13.4977
2014-03-07,13.5382
2014-03-10,13.5044
2014-03-11,13.4678
2014-03-12,13.6364
2014-03-13,13.7794
2014-03-14,13.8432
2014-03-17,13.9349
2014-03-18,13.9135
2014-03-19,13.6941
2014-03-20,13.7255
2014-03-21,13.8292
2014-03-24,13.8655
2014-03-25,13.9246
2014-03-26,13.8655
2014-03-27,13.9786
2014-03-28,14.0
2014-03-31,14.1538
2014-04-01,14.0538
2014-04-02,14.0338
2014-04-03,14.0767
2014-04-04,14.1538
2014-04-07,14.1283
2014-04-08,14.3312
2014-04-09,14.2995
2014-04-10,14.245
2014-04-11,14.2317
2014-04-14,14.3173
2014-04-15,14.5142
2014-04-16,14.6198
2014-04-17,14.4403
2014-04-21,14.4243
2014-04-22,14.4429
2014-04-23,14.4497
2014-04-24,14.5494
2014-04-25,14.7167
2014-04-28,14.7879
2014-04-29,14.7264
2014-04-30,14.7508
2014-05-01,14.8116
2014-05-02,14.5076
2014-05-05,14.6387
2014-05-06,14.566
2014-05-07,14.8022
2014-05-08,14.6417
2014-05-09,14.4269
2014-05-12,14.2932
2014-05-13,14.3275
2014-05-14,14.3979
2014-05-15,14.3405
2014-05-16,14.3858
2014-05-19,14.1635
2014-05-20,14.1635
2014-05-21,14.1737
2014-05-22,14.2897
2014-05-23,14.2553
2014-05-27,14.369
2014-05-28,14.4531
2014-05-29,14.4951
2014-05-30,14.5909
2014-06-02,14.5864
2014-06-03,14.6417
2014-06-04,14.6351
2014-06-05,14.758
2014-06-06,14.7063
2014-06-09,14.6069
2014-06-10,14.5726
2014-06-11,14.3881
2014-06-12,14.4332
2014-06-13,14.5257
2014-06-16,14.6234
2014-06-17,14.6043
2014-06-18,14.934
2014-06-19,15.0571
2014-06-20,14.9662
2014-06-23,14.9144
2014-06-24,14.9591
2014-06-25,15.0138
2014-06-26,15.0588
2014-06-27,15.1185
2014-06-30,15.2384
2014-07-01,15.0857
2014-07-02,14.7946
2014-07-03,14.6319
2014-07-07,14.701
2014-07-08,14.8017
2014-07-09,14.7602
2014-07-10,14.8583
2014-07-11,14.7457
2014-07-14,14.5753
2014-07-15,14.6529
2014-07-16,14.701
2014-07-17,14.5669
2014-07-18,14.7149
2014-07-21,14.701
2014-07-22,14.6702
2014-07-23,14.6839
2014-07-24,14.7287
2014-07-25,14.6119
2014-07-28,14.8141
2014-07-29,14.676
2014-07-30,14.4282
2014-07-31,14.2013
2014-08-01,14.2562
2014-08-04,14.1799
2014-08-05,14.0084
2014-08-06,13.8302
2014-08-07,13.9883
2014-08-08,14.2677
2014-08-11,14.2166
2014-08-12,14.205
2014-08-13,14.271
2014-08-14,14.3935
2014-08-15,14.4491
2014-08-18,14.4123
2014-08-19,14.595
2014-08-20,14.6249
2014-08-21,14.6591
2014-08-22,14.6144
2014-08-25,14.7149
2014-08-26,14.5402
2014-08-27,14.6978
2014-08-28,14.8044
2014-08-29,14.9011
2014-09-02,14.7665
2014-09-03,14.8396
2014-09-04,14.832
2014-09-05,15.0182
2014-09-08,14.9273
2014-09-09,14.7566
2014-09-10,14.6912
2014-09-11,14.8141
2014-09-12,14.5494
2014-09-15,14.595
2014-09-16,14.7789
2014-09-17,14.7536
2014-09-18,14.647
2014-09-19,14.7772
2014-09-22,14.6663
2014-09-23,14.6249
2014-09-24,14.5731
2014-09-25,14.4872
2014-09-26,14.5062
2014-09-29,14.6021
2014-09-30,14.6208
2014-10-01,14.7055
2014-10-02,14.6839
2014-10-03,14.7772
2014-10-06,14.7772
2014-10-07,14.758
2014-10-08,15.0901
2014-10-09,14.8449
2014-10-10,14.9131
2014-10-13,14.8998
2014-10-14,15.0357
2014-10-15,14.8383
2014-10-16,14.8507
2014-10-17,14.938
2014-10-20,15.1462
2014-10-21,15.1988
2014-10-22,15.2928
2014-10-23,15.32
2014-10-24,15.471
2014-10-27,15.4341
2014-10-28,15.5423
2014-10-29,15.4524
2014-10-30,15.7924
2014-10-31,15.795
2014-11-03,15.9012
2014-11-04,15.8177
2014-11-05,16.1751
2014-11-06,15.9012
2014-11-07,16.0669
2014-11-10,16.1462
2014-11-11,16.0878
2014-11-12,15.8061
2014-11-13,15.6778
2014-11-14,15.6115
2014-11-17,15.8177
2014-11-18,15.8627
2014-11-19,15.8472
2014-11-20,15.8142
2014-11-21,15.8757
2014-11-24,15.7448
2014-11-25,15.7448
2014-11-26,15.8142
2014-11-28,15.9795
2014-12-01,16.0117
2014-12-02,16.1196
2014-12-03,16.074
2014-12-04,16.0606
2014-12-05,15.9349
2014-12-08,16.0633
2014-12-09,16.1427
2014-12-10,15.9408
2014-12-11,16.1021
2014-12-12,15.9487
2014-12-15,15.8142
2014-12-16,15.799
2014-12-17,16.0799
2014-12-18,16.398
2014-12-19,16.4229
2014-12-22,16.4658
2014-12-23,16.5084
2014-12-24,16.8129
2014-12-26,17.0166
2014-12-29,17.213
2014-12-30,16.8552
2014-12-31,16.5513
2015-01-02,16.6262
2015-01-05,16.4229
2015-01-06,16.4341
2015-01-07,16.5968
2015-01-08,16.7113
2015-01-09,16.6061
2015-01-12,16.5682
2015-01-13,16.6132
2015-01-14,16.7572
2015-01-15,16.89
2015-01-16,17.041
2015-01-20,17.0821
2015-01-21,17.2474
2015-01-22,17.1735
2015-01-23,17.2229
2015-01-26,17.213
2015-01-27,17.2372
2015-01-28,17.0905
2015-01-29,17.317
2015-01-30,16.935
2015-02-02,17.0089
2015-02-03,17.0714
2015-02-04,16.8664
2015-02-05,17.02
2015-02-06,16.3187
2015-02-09,16.1755
2015-02-10,16.5084
2015-02-11,16.1506
2015-02-12,16.0772
2015-02-13,15.8321
2015-02-17,15.8186
2015-02-18,16.192
2015-02-19,16.0108
2015-02-20,16.0143
2015-02-23,16.1225
2015-02-24,16.2416
2015-02-25,15.975
2015-02-26,15.8708
2015-02-27,15.8526
2015-03-02,15.5486
2015-03-03,15.6421
2015-03-04,15.5554
2015-03-05,15.6773
2015-03-06,15.2063
2015-03-09,15.2362
2015-03-10,15.2063
2015-03-11,15.1095
2015-03-12,15.176
2015-03-13,15.2394
2015-03-16,15.5032
2015-03-17,15.4773
2015-03-18,15.894
2015-03-19,15.7473
2015-03-20,15.8882
2015-03-23,15.9002
2015-03-24,15.7227
2015-03-25,15.5383
2015-03-26,15.4091
2015-03-27,15.5014
2015-03-30,15.6922
2015-03-31,15.6961
2015-04-01,15.7076
2015-04-02,15.7375
2015-04-06,15.9568
2015-04-07,15.7728
2015-04-08,15.7265
2015-04-09,15.6587
2015-04-10,15.7759
2015-04-13,15.6203
2015-04-14,15.6995
2015-04-15,15.7375
2015-04-16,15.6346
2015-04-17,15.578
2015-04-20,15.8115
2015-04-21,15.6698
2015-04-22,15.7033
2015-04-23,15.7896
2015-04-24,15.9487
2015-04-27,15.7585
2015-04-28,15.8718
2015-04-29,15.8045
2015-04-30,15.6203
2015-05-01,15.7076
2015-05-04,15.8268
2015-05-05,15.4728
2015-05-06,15.3872
2015-05-07,15.4433
2015-05-08,15.5544
2015-05-11,15.4474
2015-05-12,15.4296
2015-05-13,15.2781
2015-05-14,15.4549
2015-05-15,15.6564
2015-05-18,15.7153
2015-05-19,15.7514
2015-05-20,15.7759
2015-05-21,15.7688
2015-05-22,15.7448
2015-05-26,15.6462
2015-05-27,15.7076
2015-05-28,15.7448
2015-05-29,15.7194
2015-06-01,15.7411
2015-06-02,15.5322
2015-06-03,15.3031
2015-06-04,15.2816
2015-06-05,15.0901
2015-06-08,15.0027
2015-06-09,14.9671
2015-06-10,15.0406
2015-06-11,15.1613
2015-06-12,15.0267
2015-06-15,15.0027
2015-06-16,15.0744
2015-06-17,15.2005
2015-06-18,15.4019
2015-06-19,15.2528
2015-06-22,15.2322
2015-06-23,15.0241
2015-06-24,14.9064
2015-06-25,14.8074
2015-06-26,14.8974
2015-06-29,14.8173
2015-06-30,14.7776
2015-07-01,14.8671
2015-07-02,15.053
2015-07-06,15.1151
2015-07-07,15.4871
2015-07-08,15.4065
2015-07-09,15.2362
2015-07-10,15.3164
2015-07-13,15.3239
2015-07-14,15.3031
2015-07-15,15.3771
2015-07-16,15.606
2015-07-17,15.4528
2015-07-20,15.3737
2015-07-21,15.2362
2015-07-22,15.3031
2015-07-23,15.0758
2015-07-24,15.0877
2015-07-27,15.2816
2015-07-28,15.3529
2015-07-29,15.4101
2015-07-30,15.5231
2015-07-31,15.681
2015-08-03,15.763
2015-08-04,15.5103
2015-08-05,15.5495
2015-08-06,15.6306
2015-08-07,15.824
2015-08-10,15.7595
2015-08-11,15.8371
2015-08-12,16.1196
2015-08-13,16.1225
2015-08-14,16.2438
2015-08-17,16.3218
2015-08-18,16.2834
2015-08-19,16.352
2015-08-20,16.2544
2015-08-21,16.0584
2015-08-24,15.4563
2015-08-25,14.9817
2015-08-26,15.2496
2015-08-27,15.4273
2015-08-28,15.3806
2015-08-31,15.1351
2015-09-01,14.725
2015-09-02,14.7358
2015-09-03,14.8039
2015-09-04,14.6011
2015-09-08,14.9095
2015-09-09,14.725
2015-09-10,14.7006
2015-09-11,14.8111
2015-09-14,14.8472
2015-09-15,14.9246
2015-09-16,15.0758
2015-09-17,15.2816
2015-09-18,15.1937
2015-09-21,15.2558
2015-09-22,15.0665
2015-09-23,15.1052
2015-09-24,15.2282
2015-09-25,15.3753
2015-09-28,15.3003
2015-09-29,15.3031
2015-09-30,15.5762
2015-10-01,15.3926
2015-10-02,15.5985
2015-10-05,15.7995
2015-10-06,15.693
2015-10-07,15.6382
2015-10-08,15.8321
2015-10-09,15.7568
2015-10-12,15.8966
2015-10-13,15.8614
2015-10-14,15.8579
2015-10-15,16.0914
2015-10-16,16.1128
2015-10-19,16.1239
2015-10-20,16.1774
2015-10-21,16.1448
2015-10-22,16.3312
2015-10-23,16.0442
2015-10-26,15.9863
2015-10-27,15.9292
2015-10-28,15.7602
2015-10-29,15.6698
2015-10-30,15.7428
2015-11-02,15.7602
2015-11-03,15.8065
2015-11-04,15.8887
2015-11-05,15.7531
2015-11-06,15.2018
2015-11-09,15.242
2015-11-10,15.3779
2015-11-11,15.5129
2015-11-12,15.3646
2015-11-13,15.3063
2015-11-16,15.5665
2015-11-17,15.2858
2015-11-18,15.3824
2015-11-19,15.5486
2015-11-20,15.612
2015-11-23,15.4702
2015-11-24,15.447
2015-11-25,15.3535
2015-11-27,15.3824
2015-11-30,15.4077
2015-12-01,15.5298
2015-12-02,15.1841
2015-12-03,15.0704
2015-12-04,15.2821
2015-12-07,15.3498
2015-12-08,15.3281
2015-12-09,15.332
2015-12-10,15.0802
2015-12-11,15.0371
2015-12-14,15.1132
2015-12-15,15.2322
2015-12-16,15.6159
2015-12-17,15.6493
2015-12-18,15.4545
2015-12-21,15.4424
2015-12-22,15.5734
2015-12-23,15.8147
2015-12-24,15.8036
2015-12-28,15.8321
2015-12-29,15.9199
2015-12-30,15.906
2015-12-31,15.7348
2016-01-04,15.7029
2016-01-05,15.8147
2016-01-06,15.7849
2016-01-07,15.68
2016-01-08,15.6721
2016-01-11,15.7563
2016-01-12,15.6957
2016-01-13,15.6868
2016-01-14,15.9278
2016-01-15,15.7817
2016-01-19,16.0174
2016-01-20,15.6578
2016-01-21,15.6435
2016-01-22,15.9238
2016-01-25,15.7863
2016-01-26,15.8974
2016-01-27,15.9335
2016-01-28,16.1876
2016-01-29,16.5133
2016-02-01,16.6684
2016-02-02,16.7417
2016-02-03,16.9493
2016-02-04,16.8753
2016-02-05,16.9297
2016-02-08,16.8695
2016-02-09,16.9297
2016-02-10,16.9122
2016-02-11,16.6141
2016-02-12,16.5638
2016-02-16,16.6684
2016-02-17,16.6355
2016-02-18,16.9086
2016-02-19,16.7955
2016-02-22,16.9916
2016-02-23,17.0068
2016-02-24,17.0865
2016-02-25,17.2612
2016-02-26,16.7852
2016-02-29,16.8321
2016-03-01,16.7488
2016-03-02,16.8348
2016-03-03,16.9368
2016-03-04,17.1252
2016-03-07,17.222
2016-03-08,17.3918
2016-03-09,17.471
2016-03-10,17.4863
2016-03-11,17.5054
2016-03-14,17.5264
2016-03-15,17.5599
2016-03-16,17.8276
2016-03-17,17.9288
2016-03-18,17.8117
2016-03-21,17.7937
2016-03-22,17.7348
2016-03-23,17.8665
2016-03-24,17.9151
2016-03-28,17.849
2016-03-29,18.1114
2016-03-30,18.0681
2016-03-31,18.1744
2016-04-01,18.2444
2016-04-04,18.1672
2016-04-05,17.8258
2016-04-06,17.8049
2016-04-07,17.797
2016-04-08,17.8928
2016-04-11,17.815
2016-04-12,17.9395
2016-04-13,17.8299
2016-04-14,17.8089
2016-04-15,17.9082
2016-04-18,17.9756
2016-04-19,18.0067
2016-04-20,17.5558
2016-04-21,17.181
2016-04-22,17.3424
2016-04-25,17.3763
2016-04-26,17.4011
2016-04-27,17.6542
2016-04-28,17.632
2016-04-29,17.7348
2016-05-02,17.8772
2016-05-03,17.8709
2016-05-04,18.0727
2016-05-05,18.0028
2016-05-06,17.8841
2016-05-09,17.9876
2016-05-10,18.0067
2016-05-11,18.0681
2016-05-12,18.1744
2016-05-13,18.0901
2016-05-16,18.1114
2016-05-17,17.8053
2016-05-18,17.4707
2016-05-19,17.6463
2016-05-20,17.6855
2016-05-23,17.529
2016-05-24,17.7059
2016-05-25,17.6542
2016-05-26,17.8543
2016-05-27,17.8928
2016-05-31,18.0028
2016-06-01,18.0501
2016-06-02,18.0576
2016-06-03,18.3499
2016-06-06,18.3169
2016-06-07,18.3036
2016-06-08,18.4128
2016-06-09,18.5706
2016-06-10,18.5232
2016-06-13,18.5005
2016-06-14,18.599
2016-06-15,18.4822
2016-06-16,18.599
2016-06-17,18.6659
2016-06-20,18.596
2016-06-21,18.6218
2016-06-22,18.5336
2016-06-23,18.5857
2016-06-24,18.6137
2016-06-27,18.8433
2016-06-28,18.9132
2016-06-29,18.9652
2016-06-30,19.3753
2016-07-01,19.3789
2016-07-05,19.5153
2016-07-06,19.5635
2016-07-07,19.2016
2016-07-08,19.4
2016-07-11,19.3857
2016-07-12,19.1205
2016-07-13,19.2721
2016-07-14,19.1467
2016-07-15,19.2016
2016-07-18,19.2568
2016-07-19,19.2248
2016-07-20,19.1124
2016-07-21,19.2282
2016-07-22,19.4817
2016-07-25,19.4498
2016-07-26,19.2791
2016-07-27,19.0571
2016-07-28,19.132
2016-07-29,19.2465
2016-08-01,19.2568
2016-08-02,19.14
2016-08-03,19.0162
2016-08-04,19.0105
2016-08-05,18.7328
2016-08-08,18.7252
2016-08-09,18.7212
2016-08-10,18.7252
2016-08-11,18.7697
2016-08-12,18.7928
2016-08-15,18.5072
2016-08-16,18.2907
2016-08-17,18.5594
2016-08-18,18.7928
2016-08-19,18.5624
2016-08-22,18.6111
2016-08-23,18.5308
2016-08-24,18.5232
2016-08-25,18.5336
2016-08-26,18.1493
2016-08-29,18.2973
2016-08-30,18.1057
2016-08-31,18.1751
2016-09-01,18.0938
2016-09-02,18.3258
2016-09-06,18.527
2016-09-07,18.5308
2016-09-08,18.5914
2016-09-09,17.903
2016-09-12,18.2119
2016-09-13,17.9621
2016-09-14,18.0314
2016-09-15,18.1681
2016-09-16,18.3451
2016-09-19,18.5283
2016-09-20,18.4939
2016-09-21,18.8699
2016-09-22,18.9849
2016-09-23,18.9707
2016-09-26,18.9229
2016-09-27,18.6758
2016-09-28,18.6502
2016-09-29,18.3722
2016-09-30,18.2452
2016-10-03,17.9876
2016-10-04,17.612
2016-10-05,17.5741
2016-10-06,17.571
2016-10-07,17.5482
2016-10-10,17.6928
2016-10-11,17.4934
2016-10-12,17.6641
2016-10-13,17.8824
2016-10-14,17.7822
2016-10-17,17.8794
2016-10-18,18.0322
2016-10-19,17.9907
2016-10-20,17.9792
2016-10-21,17.8762
2016-10-24,17.943
2016-10-25,18.0554
2016-10-26,18.0995
2016-10-27,17.9907
2016-10-28,18.0463
2016-10-31,18.4088
2016-11-01,18.0744
2016-11-02,17.8464
2016-11-03,17.9136
2016-11-04,17.858
2016-11-07,18.1704
2016-11-08,18.3107
2016-11-09,17.637
2016-11-10,17.214
2016-11-11,17.1423
2016-11-14,17.1302
2016-11-15,17.4069
2016-11-16,17.2875
2016-11-17,17.291
2016-11-18,17.2389
2016-11-21,17.4208
2016-11-22,17.4894
2016-11-23,17.3137
2016-11-25,17.5637
2016-11-28,17.903
2016-11-29,17.9756
2016-11-30,17.4111
2016-12-01,17.2727
2016-12-02,17.4287
2016-12-05,17.4516
2016-12-06,17.4176
2016-12-07,17.644
2016-12-08,17.6761
2016-12-09,17.8613
2016-12-12,18.0463
2016-12-13,18.2341
2016-12-14,17.858
2016-12-15,17.9832
2016-12-16,18.2033
2016-12-19,18.2696
2016-12-20,18.2942
2016-12-21,18.217
2016-12-22,18.2825
2016-12-23,18.2783
2016-12-27,18.2942
2016-12-28,18.121
2016-12-29,18.365
2016-12-30,18.2622
2017-01-03,18.217
2017-01-04,18.2866
2017-01-05,18.3054
2017-01-06,18.362
2017-01-09,18.121
2017-01-10,18.0634
2017-01-11,18.2528
2017-01-12,18.2662
2017-01-13,18.2411
2017-01-17,18.4386
2017-01-18,18.4185
2017-01-19,18.2564
2017-01-20,18.2907
2017-01-23,18.1962
2017-01-24,18.1926
2017-01-25,18.1926
2017-01-26,18.2003
2017-01-27,18.1962
2017-01-30,18.2109
2017-01-31,18.4922
2017-02-01,18.173
2017-02-02,18.365
2017-02-03,18.3878
2017-02-06,18.3495
2017-02-07,18.394
2017-02-08,18.5759
2017-02-09,18.4185
2017-02-10,18.5341
2017-02-13,18.625
2017-02-14,18.489
2017-02-15,18.4426
2017-02-16,18.628
2017-02-17,18.6409
2017-02-21,18.8356
2017-02-22,18.9132
2017-02-23,19.1084
2017-02-24,19.3994
2017-02-27,19.2902
2017-02-28,19.4667
2017-03-01,19.2948
2017-03-02,19.4324
2017-03-03,19.3726
2017-03-06,19.3349
2017-03-07,19.3237
2017-03-08,19.0461
2017-03-09,19.0045
2017-03-10,19.1614
2017-03-13,19.218
2017-03-14,19.1993
2017-03-15,19.5082
2017-03-16,19.2948
2017-03-17,19.4101
2017-03-20,19.2813
2017-03-21,19.554
2017-03-22,19.6494
2017-03-23,19.5887
2017-03-24,19.6601
2017-03-27,19.5848
2017-03-28,19.5693
2017-03-29,19.5161
2017-03-30,19.3638
2017-03-31,19.4399
2017-04-03,19.4369
2017-04-04,19.497
2017-04-05,19.607
2017-04-06,19.558
2017-04-07,19.4748
2017-04-10,19.5085
2017-04-11,19.5011
2017-04-12,19.6464
2017-04-13,19.5803
2017-04-17,19.6668
2017-04-18,19.7126
2017-04-19,19.576
2017-04-20,19.5011
2017-04-21,19.5995
2017-04-24,19.7033
2017-04-25,19.6753
2017-04-26,19.6142
2017-04-27,19.6824
2017-04-28,19.5887
2017-05-01,19.4707
2017-05-02,19.4939
2017-05-03,19.4253
2017-05-04,19.4939
2017-05-05,19.5995
2017-05-08,19.5933
2017-05-09,19.448
2017-05-10,19.4784
2017-05-11,19.5056
2017-05-12,19.5995
2017-05-15,19.6824
2017-05-16,19.5393
2017-05-17,19.5887
2017-05-18,19.6561
2017-05-19,19.732
2017-05-22,19.9021
2017-05-23,19.9556
2017-05-24,20.0687
2017-05-25,20.2319
2017-05-26,20.2319
2017-05-30,20.2959
2017-05-31,20.399
2017-06-01,20.543
2017-06-02,20.5656
2017-06-05,20.5019
2017-06-06,20.4564
2017-06-07,20.5233
2017-06-08,20.3536
2017-06-09,20.3348
2017-06-12,20.2959
2017-06-13,20.3456
2017-06-14,20.4564
2017-06-15,20.5734
2017-06-16,20.6673
2017-06-19,20.599
2017-06-20,20.6099
2017-06-21,20.4881
2017-06-22,20.3923
2017-06-23,20.3236
2017-06-26,20.4622
2017-06-27,20.2319
2017-06-28,20.0381
2017-06-29,19.8768
2017-06-30,19.846
2017-07-03,19.756
2017-07-05,19.6592
2017-07-06,19.6517
2017-07-07,19.6659
2017-07-10,19.6517
2017-07-11,19.641
2017-07-12,19.8085
2017-07-13,19.739
2017-07-14,19.8309
2017-07-17,19.9226
2017-07-18,19.9802
2017-07-19,20.0634
2017-07-20,20.2101
2017-07-21,20.3544
2017-07-24,20.164
2017-07-25,20.0497
2017-07-26,20.2391
2017-07-27,20.2893
2017-07-28,20.2599
2017-07-31,20.3268
2017-08-01,20.4422
2017-08-02,20.5292
2017-08-03,20.6334
2017-08-04,20.5416
2017-08-07,20.6071
2017-08-08,20.6901
2017-08-09,20.5831
2017-08-10,20.6482
2017-08-11,20.5255
2017-08-14,20.6441
2017-08-15,20.76
2017-08-16,20.8433
2017-08-17,20.6941
2017-08-18,20.8161
2017-08-21,20.8928
2017-08-22,20.9378
2017-08-23,21.0077
2017-08-24,20.9913
2017-08-25,21.0611
2017-08-28,21.0996
2017-08-29,21.0528
2017-08-30,20.9913
2017-08-31,20.9948
2017-09-01,20.9307
2017-09-05,20.9847
2017-09-06,20.8883
2017-09-07,21.0452
2017-09-08,21.1445
2017-09-11,21.3246
2017-09-12,20.9699
2017-09-13,20.867
2017-09-14,21.0421
2017-09-15,21.0732
2017-09-18,20.8572
2017-09-19,20.8154
2017-09-20,20.6611
2017-09-21,20.6573
2017-09-22,20.4876
2017-09-25,20.6767
2017-09-26,20.6375
2017-09-27,20.3613
2017-09-28,20.4338
2017-09-29,20.4189
2017-10-02,20.4535
2017-10-03,20.3955
2017-10-04,20.5995
2017-10-05,20.5799
2017-10-06,20.5646
2017-10-09,20.5912
2017-10-10,20.7916
2017-10-11,20.8803
2017-10-12,20.9877
2017-10-13,20.842
2017-10-16,20.7961
2017-10-17,20.9191
2017-10-18,20.8803
2017-10-19,21.1
2017-10-20,21.1151
2017-10-23,21.1267
2017-10-24,21.1455
2017-10-25,21.0528
2017-10-26,21.0568
2017-10-27,21.1878
2017-10-30,21.1918
2017-10-31,21.2162
2017-11-01,21.096
2017-11-02,21.1735
2017-11-03,21.2494
2017-11-06,21.17
2017-11-07,21.4235
2017-11-08,21.4392
2017-11-09,21.4655
2017-11-10,21.3656
2017-11-13,21.6193
2017-11-14,21.8879
2017-11-15,21.7008
2017-11-16,21.6303
2017-11-17,21.4811
2017-11-20,21.4156
2017-11-21,21.4742
2017-11-22,21.4742
2017-11-24,21.5079
2017-11-27,21.6005
2017-11-28,21.7008
2017-11-29,21.711
2017-11-30,21.7845
2017-12-01,21.711
2017-12-04,21.588
2017-12-05,21.3157
2017-12-06,21.395
2017-12-07,21.4347
2017-12-08,21.5042
2017-12-11,21.6343
2017-12-12,21.2654
2017-12-13,21.3227
2017-12-14,21.296
2017-12-15,21.3746
2017-12-18,21.1361
2017-12-19,20.7523
2017-12-20,20.5879
2017-12-21,20.3437
2017-12-22,20.3754
2017-12-26,20.2551
2017-12-27,20.3401
2017-12-28,20.4535
2017-12-29,20.465
2018-01-02,20.2742
2018-01-03,20.1156
2018-01-04,19.9476
2018-01-05,19.9409
2018-01-08,20.1259
2018-01-09,19.9284
2018-01-10,19.7105
2018-01-11,19.6374
2018-01-12,19.5242
2018-01-16,19.4814
2018-01-17,19.6017
2018-01-18,19.4778
2018-01-19,19.4204
2018-01-22,19.4471
2018-01-23,19.6334
2018-01-24,19.5121
2018-01-25,19.8156
2018-01-26,19.8268
2018-01-29,19.5751
2018-01-30,19.6093
2018-01-31,19.8268
2018-02-01,19.5166
2018-02-02,19.3767
2018-02-05,19.0577
2018-02-06,18.7747
2018-02-07,18.6858
2018-02-08,18.4771
2018-02-09,18.8638
2018-02-12,19.0077
2018-02-13,19.0938
2018-02-14,18.8794
2018-02-15,19.3001
2018-02-16,19.4698
2018-02-20,19.2171
2018-02-21,18.9648
2018-02-22,19.0621
2018-02-23,19.559
2018-02-26,19.5011
2018-02-27,19.1903
2018-02-28,19.0577
2018-03-01,19.0621
2018-03-02,19.0117
2018-03-05,19.4004
2018-03-06,19.1405
2018-03-07,18.9966
2018-03-08,19.1361
2018-03-09,19.1903
2018-03-12,19.2721
2018-03-13,19.3144
2018-03-14,19.5121
2018-03-15,19.5011
2018-03-16,19.6735
2018-03-19,19.5514
2018-03-20,19.4623
2018-03-21,19.3959
2018-03-22,19.4814
2018-03-23,19.2064
2018-03-26,19.4075
2018-03-27,19.685
2018-03-28,19.6771
2018-03-29,19.7827
2018-04-02,19.6302
2018-04-03,19.6975
2018-04-04,19.7399
2018-04-05,19.8963
2018-04-06,19.7399
2018-04-09,19.7786
2018-04-10,19.6267
2018-04-11,19.5987
2018-04-12,19.3411
2018-04-13,19.4939
2018-04-16,19.7605
2018-04-17,19.9592
2018-04-18,19.8847
2018-04-19,19.8731
2018-04-20,19.6936
2018-04-23,19.7057
2018-04-24,19.8383
2018-04-25,19.8419
2018-04-26,20.0424
2018-04-27,20.2444
2018-04-30,20.1851
2018-05-01,20.1226
2018-05-02,20.1049
2018-05-03,20.0759
2018-05-04,20.1672
2018-05-07,20.0604
2018-05-08,19.5595
2018-05-09,19.4226
2018-05-10,19.6975
2018-05-11,19.7233
2018-05-14,19.6508
2018-05-15,19.4855
2018-05-16,19.333
2018-05-17,19.1762
2018-05-18,19.1806
2018-05-21,19.2783
2018-05-22,19.349
2018-05-23,19.5242
2018-05-24,19.685
2018-05-25,19.7706
2018-05-29,19.7706
2018-05-30,19.932
2018-05-31,19.9632
2018-06-01,19.6574
2018-06-04,19.5011
2018-06-05,19.4
2018-06-06,18.9372
2018-06-07,19.0706
2018-06-08,19.0625
2018-06-11,19.0234
2018-06-12,19.2439
2018-06-13,19.1921
2018-06-14,19.4301
2018-06-15,19.5693
2018-06-18,19.6324
2018-06-19,19.8264
2018-06-20,19.8419
2018-06-21,19.9084
2018-06-22,20.0473
2018-06-25,20.378
2018-06-26,20.4026
2018-06-27,20.5015
2018-06-28,20.4935
2018-06-29,20.5241
2018-07-02,20.6713
2018-07-03,20.7301
2018-07-05,20.8411
2018-07-06,21.0023
2018-07-09,20.3549
2018-07-10,20.5488
2018-07-11,20.7342
2018-07-12,20.7506
2018-07-13,20.7542
2018-07-16,20.7342
2018-07-17,20.7185
2018-07-18,20.6115
2018-07-19,20.8015
2018-07-20,20.6557
2018-07-23,20.5095
2018-07-24,20.5799
2018-07-25,20.6392
2018-07-26,20.8607
2018-07-27,20.7939
2018-07-30,20.667
2018-07-31,20.8527
2018-08-01,20.7185
2018-08-02,20.8211
2018-08-03,21.0536
2018-08-06,21.0701
2018-08-07,21.0385
2018-08-08,20.9279
2018-08-09,21.0229
2018-08-10,20.9316
2018-08-13,20.9601
2018-08-14,21.0023
2018-08-15,21.1959
2018-08-16,21.4263
2018-08-17,21.5359
2018-08-20,21.4605
2018-08-21,21.3068
2018-08-22,21.1491
2018-08-23,21.133
2018-08-24,21.2234
2018-08-27,21.0938
2018-08-28,21.0492
2018-08-29,21.2046
2018-08-30,21.2133
2018-08-31,21.1215
2018-09-04,21.2167
2018-09-05,21.5119
2018-09-06,21.6348
2018-09-07,21.371
2018-09-10,21.4771
2018-09-11,21.4222
2018-09-12,21.4013
2018-09-13,21.5639
2018-09-14,21.4485
2018-09-17,21.5202
2018-09-18,21.4811
2018-09-19,21.0149
2018-09-20,21.0577
2018-09-21,21.1455
2018-09-24,20.9592
2018-09-25,20.6718
2018-09-26,20.4685
2018-09-27,20.6802
2018-09-28,20.9829
2018-10-01,20.9106
2018-10-02,21.1926
2018-10-03,20.9372
2018-10-04,21.0492
2018-10-05,21.3736
2018-10-08,21.5524
2018-10-09,21.6406
2018-10-10,21.5202
2018-10-11,21.1262
2018-10-12,21.1018
2018-10-15,21.2017
2018-10-16,21.4213
2018-10-17,21.3807
2018-10-18,21.4129
2018-10-19,21.7476
2018-10-22,21.608
2018-10-23,21.4885
2018-10-24,22.0109
2018-10-25,21.6682
2018-10-26,21.2702
2018-10-29,21.5684
2018-10-30,21.6513
2018-10-31,21.3959
2018-11-01,21.3015
2018-11-02,21.1811
2018-11-05,21.4806
2018-11-06,21.6247
2018-11-07,21.8709
2018-11-08,21.8353
2018-11-09,21.8674
2018-11-12,21.8554
2018-11-13,21.9463
2018-11-14,21.72
2018-11-15,21.5403
2018-11-16,21.8709
2018-11-19,21.9681
2018-11-20,21.8754
2018-11-21,21.5524
2018-11-23,21.5644
2018-11-26,21.6919
2018-11-27,21.8554
2018-11-28,21.8389
2018-11-29,21.8313
2018-11-30,22.1539
2018-12-03,22.3772
2018-12-04,22.3929
2018-12-06,22.4169
2018-12-07,22.5007
2018-12-10,22.5452
2018-12-11,22.6365
2018-12-12,22.4936
2018-12-13,22.6874
2018-12-14,22.6441
2018-12-17,21.9156
2018-12-18,21.7675
2018-12-19,21.7315
2018-12-20,21.72
2018-12-21,21.6273
2018-12-24,20.7221
2018-12-26,21.0042
2018-12-27,21.1811
2018-12-28,21.2327
2018-12-31,21.2702
2019-01-02,20.9044
2019-01-03,20.8999
2019-01-04,21.21
2019-01-07,21.0649
2019-01-08,21.3263
2019-01-09,21.1969
2019-01-10,21.4748
2019-01-11,21.3936
2019-01-14,20.912
2019-01-15,21.1695
2019-01-16,21.2453
2019-01-17,21.3336
2019-01-18,21.3581
2019-01-22,21.3973
2019-01-23,21.6156
2019-01-24,21.727
2019-01-25,21.4306
2019-01-28,21.3299
2019-01-29,21.3897
2019-01-30,21.555
2019-01-31,22.0091
2019-02-01,21.9249
2019-02-04,21.9616
2019-02-05,22.005
2019-02-06,21.9921
2019-02-07,22.2824
2019-02-08,22.379
2019-02-11,22.3715
2019-02-12,22.4232
2019-02-13,22.359
2019-02-14,22.3225
2019-02-15,22.391
2019-02-19,22.5226
2019-02-20,22.6236
2019-02-21,22.7881
2019-02-22,22.9298
2019-02-25,22.7805
2019-02-26,22.7524
2019-02-27,22.7805
2019-02-28,22.9128
2019-03-01,22.9617
2019-03-04,23.0021
2019-03-05,22.974
2019-03-06,22.974
2019-03-07,23.0506
2019-03-08,23.1304
2019-03-11,23.2953
2019-03-12,23.4552
2019-03-13,23.4803
2019-03-14,23.4762
2019-03-15,23.5614
2019-03-18,23.4722
2019-03-19,23.2044
2019-03-20,23.2654
2019-03-21,23.5118
2019-03-22,23.6831
2019-03-25,23.7029
2019-03-26,23.8727
2019-03-27,23.7072
2019-03-28,23.4271
2019-03-29,23.5532
2019-04-01,23.3915
2019-04-02,23.4236
2019-04-03,23.3871
2019-04-04,23.3065
2019-04-05,23.5242
2019-04-08,23.3586
2019-04-09,23.4157
2019-04-10,23.3425
2019-04-11,23.4597
2019-04-12,23.5688
2019-04-15,23.5653
2019-04-16,23.2735
2019-04-17,23.1843
2019-04-18,23.1964
2019-04-22,23.1766
2019-04-23,23.2418
2019-04-24,23.3915
2019-04-25,23.4877
2019-04-26,23.5242
2019-04-29,23.3871
2019-04-30,23.7722
2019-05-01,23.5288
2019-05-02,23.4762
2019-05-03,23.6058
2019-05-06,23.4762
2019-05-07,23.4031
2019-05-08,23.0832
2019-05-09,23.0552
2019-05-10,23.4681
2019-05-13,23.7187
2019-05-14,23.5614
2019-05-15,23.5208
2019-05-16,23.6791
2019-05-17,23.7997
2019-05-20,23.8331
2019-05-21,23.8772
2019-05-22,24.0555
2019-05-23,24.2613
2019-05-24,24.2253
2019-05-28,23.8287
2019-05-29,23.5118
2019-05-30,23.4762
2019-05-31,23.5858
2019-06-03,23.8203
2019-06-04,23.8417
2019-06-05,24.3514
2019-06-06,24.5012
2019-06-07,24.3175
2019-06-10,24.1526
2019-06-11,24.0064
2019-06-12,24.3175
2019-06-13,24.3661
2019-06-14,24.622
2019-06-17,24.5533
2019-06-18,24.4525
2019-06-19,24.6389
2019-06-20,24.7967
2019-06-21,24.8947
2019-06-24,24.9031
2019-06-25,24.7516
2019-06-26,24.2125
2019-06-27,24.2449
2019-06-28,24.3394
2019-07-01,24.2778
2019-07-02,24.6085
2019-07-03,24.7792
2019-07-05,24.7668
2019-07-08,24.8047
2019-07-09,24.8372
2019-07-10,24.8947
2019-07-11,24.9031
2019-07-12,24.7391
2019-07-15,24.8372
2019-07-16,24.6947
2019-07-17,24.7882
2019-07-18,25.0043
2019-07-19,24.642
2019-07-22,24.5877
2019-07-23,24.433
2019-07-24,24.4535
2019-07-25,24.3923
2019-07-26,24.4821
2019-07-29,24.6085
2019-07-30,24.4201
2019-07-31,24.306
2019-08-01,24.5555
2019-08-02,24.5515
2019-08-05,24.2004
2019-08-06,24.5025
2019-08-07,24.5637
2019-08-08,24.8158
2019-08-09,24.8456
2019-08-12,24.7949
2019-08-13,24.8127
2019-08-14,24.6085
2019-08-15,24.9263
2019-08-16,25.0528
2019-08-19,25.2124
2019-08-20,25.1714
2019-08-21,25.3394
2019-08-22,25.3636
2019-08-23,25.0944
2019-08-26,25.3836
2019-08-27,25.4291
2019-08-28,25.3595
2019-08-29,25.5346
2019-08-30,25.5432
2019-09-03,25.9954
2019-09-04,26.0212
2019-09-05,25.7392
2019-09-06,25.6368
2019-09-09,25.5106
2019-09-10,25.5432
2019-09-11,25.7958
2019-09-12,25.8533
2019-09-13,25.6902
2019-09-16,25.7111
2019-09-17,25.9349
2019-09-18,26.0444
2019-09-19,26.1678
2019-09-20,26.2709
2019-09-23,26.2748
2019-09-24,26.5828
2019-09-25,26.5666
2019-09-26,26.7062
2019-09-27,26.6122
2019-09-30,26.6283
2019-10-01,26.5666
2019-10-02,26.2129
2019-10-03,26.2748
2019-10-04,26.6403
2019-10-07,26.5374
2019-10-08,26.2908
2019-10-09,26.4183
2019-10-10,26.3894
2019-10-11,26.2908
2019-10-14,26.1224
2019-10-15,26.0391
2019-10-16,26.0976
2019-10-17,26.1635
2019-10-18,26.249
2019-10-21,26.3523
2019-10-22,26.4634
2019-10-23,26.571
2019-10-24,26.6607
2019-10-25,26.3894
2019-10-28,26.0279
2019-10-29,26.0521
2019-10-30,26.2833
2019-10-31,26.4269
2019-11-01,26.3608
2019-11-04,26.0244
2019-11-05,25.7561
2019-11-06,25.8552
2019-11-07,25.5052
2019-11-08,25.3982
2019-11-11,25.2423
2019-11-12,25.3037
2019-11-13,25.6781
2019-11-14,25.769
2019-11-15,25.8506
2019-11-18,25.905
2019-11-19,25.8386
2019-11-20,25.994
2019-11-21,25.905
2019-11-22,25.9125
2019-11-25,25.8261
2019-11-26,25.9125
2019-11-27,25.958
2019-11-29,25.933
2019-12-02,25.7649
2019-12-03,25.8341
2019-12-04,26.0323
2019-12-05,26.0778
2019-12-06,25.9986
2019-12-09,25.9086
2019-12-10,25.905
2019-12-11,25.975
2019-12-12,25.8635
2019-12-13,26.065
2019-12-16,26.3894
2019-12-17,26.4763
2019-12-18,26.5828
2019-12-19,26.5909
2019-12-20,26.7739
2019-12-23,26.5251
2019-12-24,26.5623
2019-12-26,26.6077
2019-12-27,26.6862
2019-12-30,26.6822
2019-12-31,26.7855
2020-01-02,26.45
2020-01-03,26.5038
2020-01-06,26.5294
2020-01-07,26.4918
2020-01-08,26.4799
2020-01-09,26.6246
2020-01-10,26.6951
2020-01-13,26.8561
2020-01-14,26.9353
2020-01-15,27.3123
2020-01-16,27.482
2020-01-17,27.6723
2020-01-21,27.9254
2020-01-22,28.0134
2020-01-23,28.2615
2020-01-24,28.336
2020-01-27,28.2655
2020-01-28,28.3814
2020-01-29,28.4563
2020-01-30,28.7211
2020-01-31,28.5934
2020-02-03,28.6846
2020-02-04,28.3983
2020-02-05,28.5142
2020-02-06,28.5228
2020-02-07,28.4318
2020-02-10,28.5396
2020-02-11,28.6435
2020-02-12,28.6631
2020-02-13,28.9831
2020-02-14,29.1774
2020-02-18,29.422
2020-02-19,29.1034
2020-02-20,29.2072
2020-02-21,29.1533
2020-02-24,28.8128
2020-02-25,28.2075
2020-02-26,27.922
2020-02-27,26.6657
2020-02-28,25.7754
2020-03-02,27.2917
2020-03-03,26.9564
2020-03-04,28.4856
2020-03-05,28.0457
2020-03-06,27.8181
2020-03-09,26.3051
2020-03-10,26.5494
2020-03-11,25.2152
2020-03-12,22.67
2020-03-13,23.9049
2020-03-16,21.1901
2020-03-17,23.901
2020-03-18,22.8604
2020-03-19,21.5296
2020-03-20,19.8222
2020-03-23,18.8108
2020-03-24,20.833
2020-03-25,21.3646
2020-03-26,23.1852
2020-03-27,23.3108
2020-03-30,24.1741
2020-03-31,23.1977
2020-04-01,21.8041
2020-04-02,22.4868
2020-04-03,21.6825
2020-04-06,23.3577
2020-04-07,23.0644
2020-04-08,24.3199
2020-04-09,25.4674
2020-04-13,24.6593
2020-04-14,25.3836
2020-04-15,24.5466
2020-04-16,24.5511
2020-04-17,25.3421
2020-04-20,24.3831
2020-04-21,23.9812
2020-04-22,24.6808
2020-04-23,24.2655
2020-04-24,24.4161
2020-04-27,24.6718
2020-04-28,24.7633
2020-04-29,24.5376
2020-04-30,23.9725
2020-05-01,23.3956
2020-05-04,23.5707
2020-05-05,23.7633
2020-05-06,22.9553
2020-05-07,23.0474
2020-05-08,23.5118
2020-05-11,23.4117
2020-05-12,23.2065
2020-05-13,23.0101
2020-05-14,23.2566
2020-05-15,22.9472
2020-05-18,23.8898
2020-05-19,23.4958
2020-05-20,23.6251
2020-05-21,23.3867
2020-05-22,23.6465
2020-05-26,23.8006
2020-05-27,24.0858
2020-05-28,24.798
2020-05-29,24.9901
2020-06-01,25.2872
2020-06-02,25.4504
2020-06-03,25.7561
2020-06-04,25.2958
2020-06-05,25.6183
2020-06-08,26.3046
2020-06-09,25.7776
2020-06-10,25.6269
2020-06-11,24.6265
2020-06-12,24.5632
2020-06-15,24.7307
2020-06-16,24.8439
2020-06-17,24.7677
2020-06-18,24.7633
2020-06-19,24.0686
2020-06-22,24.3037
2020-06-23,24.0586
2020-06-24,23.8399
2020-06-25,23.5435
2020-06-26,23.2948
2020-06-29,23.7339
2020-06-30,23.8224
2020-07-01,24.3795
2020-07-02,24.4438
2020-07-06,24.1433
2020-07-07,24.0467
2020-07-08,24.2609
2020-07-09,23.9366
2020-07-10,24.3885
2020-07-13,24.4134
2020-07-14,24.642
2020-07-15,24.5444
2020-07-16,24.8569
2020-07-17,25.4183
2020-07-20,25.0849
2020-07-21,25.1987
2020-07-22,25.5868
2020-07-23,25.6167
2020-07-24,25.4472
2020-07-27,25.1398
2020-07-28,25.5195
2020-07-29,25.6376
2020-07-30,25.6376
2020-07-31,25.6804
2020-08-03,25.401
2020-08-04,25.6804
2020-08-05,25.3506
2020-08-06,25.4986
2020-08-07,25.959
2020-08-10,25.9499
2020-08-11,25.3885
2020-08-12,25.7557
2020-08-13,25.7138
2020-08-14,25.4905
2020-08-17,25.4562
2020-08-18,25.3426
2020-08-19,25.2664
2020-08-20,25.0427
2020-08-21,25.0849
2020-08-24,25.3041
2020-08-25,25.0635
2020-08-26,24.785
2020-08-27,24.8648
2020-08-28,24.9367
2020-08-31,25.0131
2020-09-01,24.7257
2020-09-02,25.4941
2020-09-03,25.2075
2020-09-04,25.0635
2020-09-08,24.924
2020-09-09,25.2535
2020-09-10,24.8185
2020-09-11,24.8777
2020-09-14,25.2199
2020-09-15,25.3885
2020-09-16,25.3545
2020-09-17,25.1482
2020-09-18,24.7044
2020-09-21,24.5511
2020-09-22,24.704
2020-09-23,24.3251
2020-09-24,24.5975
2020-09-25,25.0022
2020-09-28,25.0663
2020-09-29,25.0573
2020-09-30,25.2833
2020-10-01,25.5385
2020-10-02,25.8413
2020-10-05,26.1647
2020-10-06,26.3863
2020-10-07,26.5476
2020-10-08,27.0329
2020-10-09,27.0288
2020-10-12,27.1992
2020-10-13,27.012
2020-10-14,26.9778
2020-10-15,26.9612
2020-10-16,27.2504
2020-10-19,27.0204
2020-10-20,27.1822
2020-10-21,27.11
2020-10-22,27.4928
2020-10-23,27.5699
2020-10-26,27.5616
2020-10-27,27.5395
2020-10-28,26.7391
2020-10-29,26.8116
2020-10-30,26.5609
2020-11-02,27.1434
2020-11-03,27.5351
2020-11-04,27.1225
2020-11-05,27.3653
2020-11-06,27.3061
2020-11-09,27.8133
2020-11-10,28.2125
2020-11-11,28.319
2020-11-12,27.864
2020-11-13,28.1402
2020-11-16,28.4259
2020-11-17,27.8684
2020-11-18,27.3221
2020-11-19,27.0502
2020-11-20,27.0548
2020-11-23,27.0587
2020-11-24,27.3489
2020-11-25,27.4205
2020-11-27,27.1478
2020-11-30,26.7562
2020-12-01,26.9442
2020-12-02,27.1225
2020-12-03,26.8421
2020-12-04,26.5734
2020-12-07,26.7223
2020-12-08,26.6417
2020-12-09,26.5948
2020-12-10,26.458
2020-12-11,26.5013
2020-12-14,26.3648
2020-12-15,26.8845
2020-12-16,26.5734
2020-12-17,26.7516
2020-12-18,26.5222
2020-12-21,26.2
2020-12-22,26.1488
2020-12-23,26.0976
2020-12-24,26.2821
2020-12-28,26.3979
2020-12-29,26.3933
2020-12-30,26.5265
2020-12-31,26.9212
2021-01-04,26.2437
2021-01-05,26.2392
2021-01-06,26.8917
2021-01-07,26.5394
2021-01-08,26.7628
2021-01-11,26.5132
2021-01-12,26.372
2021-01-13,26.8876
2021-01-14,26.7843
2021-01-15,27.0458
2021-01-19,26.9434
2021-01-20,27.1019
2021-01-21,26.9434
2021-01-22,26.9811
2021-01-25,27.5231
2021-01-26,27.2476
2021-01-27,26.5132
2021-01-28,26.8315
2021-01-29,26.6853
2021-02-01,26.814
2021-02-02,27.0329
2021-02-03,26.9472
2021-02-04,27.1577
2021-02-05,27.3038
2021-02-08,27.0931
2021-02-09,27.1323
2021-02-10,27.2398
2021-02-11,27.0846
2021-02-12,26.8876
2021-02-16,26.5864
2021-02-17,26.6081
2021-02-18,26.7672
2021-02-19,26.368
2021-02-22,25.8524
2021-02-23,26.0672
2021-02-24,25.7624
2021-02-25,25.5302
2021-02-26,25.0577
2021-03-01,25.6122
2021-03-02,25.5346
2021-03-03,25.2342
2021-03-04,25.2124
2021-03-05,25.6251
2021-03-08,25.9852
2021-03-09,26.3292
2021-03-10,26.5097
2021-03-11,26.4411
2021-03-12,26.7967
2021-03-15,27.1407
2021-03-16,27.1757
2021-03-17,26.733
2021-03-18,26.6341
2021-03-19,26.7072
2021-03-22,26.6679
2021-03-23,27.0659
2021-03-24,27.0748
2021-03-25,27.3645
2021-03-26,27.4554
2021-03-29,27.75
2021-03-30,27.4985
2021-03-31,27.7019
2021-04-01,27.6759
2021-04-05,27.9789
2021-04-06,28.1257
2021-04-07,28.0918
2021-04-08,28.0695
2021-04-09,28.0392
2021-04-12,28.065
2021-04-13,28.3979
2021-04-14,28.5236
2021-04-15,28.8396
2021-04-16,29.073
2021-04-19,28.926
2021-04-20,29.2937
2021-04-21,29.0468
2021-04-22,28.8396
2021-04-23,28.8003
2021-04-26,28.6363
2021-04-27,28.4158
2021-04-28,28.3771
2021-04-29,28.6363
2021-04-30,28.861
2021-05-03,28.8569
2021-05-04,28.7487
2021-05-05,28.2643
2021-05-06,28.4808
2021-05-07,28.5672
2021-05-10,28.8569
2021-05-11,28.5021
2021-05-12,27.8361
2021-05-13,28.3729
2021-05-14,28.5107
2021-05-17,28.2771
2021-05-18,28.2726
2021-05-19,28.225
2021-05-20,28.4719
2021-05-21,28.619
2021-05-24,28.5672
2021-05-25,28.2205
2021-05-26,28.225
2021-05-27,28.0356
2021-05-28,28.1863
2021-06-01,28.0134
2021-06-02,28.1605
2021-06-03,28.3288
2021-06-04,28.2856
2021-06-07,28.3374
2021-06-08,28.0958
2021-06-09,28.3462
2021-06-10,28.5324
2021-06-11,28.5971
2021-06-14,28.6578
2021-06-15,28.7442
2021-06-16,28.312
2021-06-17,28.4674
2021-06-18,27.7276
2021-06-21,28.0856
2021-06-22,27.9153
2021-06-23,27.6189
2021-06-24,27.5921
2021-06-25,27.8889
2021-06-28,28.0678
2021-06-29,27.6145
2021-06-30,27.5624
2021-07-01,27.8631
2021-07-02,27.907
2021-07-06,28.0245
2021-07-07,28.2071
2021-07-08,28.1244
2021-07-09,28.1595
2021-07-12,28.2508
2021-07-13,28.0378
2021-07-14,28.2812
2021-07-15,28.5993
2021-07-16,28.8872
2021-07-19,28.4296
2021-07-20,28.5518
2021-07-21,28.2379
2021-07-22,28.2812
2021-07-23,28.6435
2021-07-26,28.652
2021-07-27,29.1448
2021-07-28,28.922
2021-07-29,29.0004
2021-07-30,28.7566
2021-08-02,28.979
2021-08-03,29.1448
2021-08-04,29.1006
2021-08-05,29.4193
2021-08-06,29.4016
2021-08-09,29.3926
2021-08-10,29.4238
2021-08-11,29.6983
2021-08-12,29.7281
2021-08-13,29.9381
2021-08-16,30.1208
2021-08-17,30.1382
2021-08-18,29.9858
2021-08-19,30.1079
2021-08-20,30.4827
2021-08-23,30.0906
2021-08-24,29.8944
2021-08-25,29.9509
2021-08-26,29.877
2021-08-27,29.8681
2021-08-30,29.9118
2021-08-31,29.877
2021-09-01,30.2693
2021-09-02,30.5438
2021-09-03,30.2911
2021-09-07,29.8899
2021-09-08,30.4261
2021-09-09,30.2603
2021-09-10,29.8377
2021-09-13,29.7847
2021-09-14,29.685
2021-09-15,29.6461
2021-09-16,29.397
2021-09-17,28.9438
2021-09-20,28.8913
2021-09-21,28.8124
2021-09-22,28.7945
2021-09-23,28.6413
2021-09-24,28.6101
2021-09-27,28.2719
2021-09-28,27.9161
2021-09-29,28.2808
2021-09-30,28.0567
2021-10-01,28.0567
2021-10-04,28.4434
2021-10-05,28.3734
2021-10-06,28.8124
2021-10-07,28.6582
2021-10-08,28.4473
2021-10-11,28.061
2021-10-12,28.2499
2021-10-13,28.5792
2021-10-14,28.9309
2021-10-15,28.8471
2021-10-18,28.5709
2021-10-19,28.9309
2021-10-20,29.3873
2021-10-21,29.3873
2021-10-22,29.537
2021-10-25,29.4095
2021-10-26,29.5677
2021-10-27,29.3704
2021-10-28,29.5633
2021-10-29,29.3873
2021-11-01,29.4929
2021-11-02,29.5191
2021-11-03,29.4095
2021-11-04,29.2469
2021-11-05,29.5237
2021-11-08,29.0846
2021-11-09,29.234
2021-11-10,29.4711
2021-11-11,29.291
2021-11-12,29.2731
2021-11-15,29.6594
2021-11-16,29.5191
2021-11-17,29.546
2021-11-18,29.3918
2021-11-19,29.5588
2021-11-22,29.7389
2021-11-23,29.77
2021-11-24,29.787
2021-11-26,29.3218
2021-11-29,29.7567
2021-11-30,28.8867
2021-12-01,28.9394
2021-12-02,29.3089
2021-12-03,29.6029
2021-12-06,30.0549
2021-12-07,30.2789
2021-12-08,30.2482
2021-12-09,30.209
2021-12-10,30.3717
2021-12-13,30.7446
2021-12-14,30.5603
2021-12-15,31.0607
2021-12-16,31.2194
2021-12-17,30.7493
2021-12-20,30.7799
2021-12-21,30.7358
2021-12-22,30.8685
2021-12-23,30.8642
2021-12-27,31.0148
2021-12-28,31.2937
2021-12-29,31.4617
2021-12-30,31.5771
2021-12-31,31.6876
2022-01-03,31.3735
2022-01-04,31.2758
2022-01-05,31.2581
2022-01-06,30.9349
2022-01-07,31.1699
2022-01-10,30.9663
2022-01-11,30.6871
2022-01-12,30.7844
2022-01-13,30.9349
2022-01-14,30.7223
2022-01-18,30.3552
2022-01-19,30.4924
2022-01-20,30.5321
2022-01-21,30.4746
2022-01-24,30.1823
2022-01-25,29.709
2022-01-26,29.4653
2022-01-27,29.7263
2022-01-28,30.0852
2022-01-31,30.656
2022-02-01,30.2487
2022-02-02,30.6961
2022-02-03,30.5589
2022-02-04,30.3151
2022-02-07,30.271
2022-02-08,30.2931
2022-02-09,30.4261
2022-02-10,29.6555
2022-02-11,29.6733
2022-02-14,29.4212
2022-02-15,29.2839
2022-02-16,29.3503
2022-02-17,29.3681
2022-02-18,29.3146
2022-02-22,29.2839
2022-02-23,28.7878
2022-02-24,29.0183
2022-02-25,29.9167
2022-02-28,30.0718
2022-03-01,29.8105
2022-03-02,30.1739
2022-03-03,30.705
2022-03-04,31.3819
2022-03-07,31.7893
2022-03-08,31.2982
2022-03-09,31.0767
2022-03-10,31.2849
2022-03-11,31.1788
2022-03-14,31.143
2022-03-15,31.5415
2022-03-16,31.484
2022-03-17,31.617
2022-03-18,31.3468
2022-03-21,31.5562
2022-03-22,31.6007
2022-03-23,31.6454
2022-03-24,31.9707
2022-03-25,32.434
2022-03-28,32.6437
2022-03-29,32.9466
2022-03-30,33.2186
2022-03-31,33.1828
2022-04-01,33.6464
2022-04-04,33.3878
2022-04-05,33.5972
2022-04-06,34.2658
2022-04-07,34.181
2022-04-08,34.2969
2022-04-11,33.829
2022-04-12,33.9583
2022-04-13,33.8915
2022-04-14,33.9094
2022-04-18,33.7265
2022-04-19,33.9448
2022-04-20,34.2212
2022-04-21,33.6553
2022-04-22,33.0891
2022-04-25,32.8618
2022-04-26,32.5323
2022-04-27,32.3763
2022-04-28,32.7372
2022-04-29,31.7568
2022-05-02,31.4314
2022-05-03,31.5518
2022-05-04,32.2559
2022-05-05,31.9262
2022-05-06,32.1801
2022-05-09,31.9396
2022-05-10,31.5518
2022-05-11,31.779
2022-05-12,31.4582
2022-05-13,31.8326
2022-05-16,31.9305
2022-05-17,32.2604
2022-05-18,31.9483
2022-05-19,31.8816
2022-05-20,31.9707
2022-05-23,32.3539
2022-05-24,33.0001
2022-05-25,32.9779
2022-05-26,33.0715
2022-05-27,33.5884
2022-05-31,33.125
2022-06-01,33.0715
2022-06-02,33.2942
2022-06-03,33.1338
2022-06-06,33.2809
2022-06-07,33.4814
2022-06-08,32.8264
2022-06-09,32.0375
2022-06-10,31.7923
2022-06-13,30.3306
2022-06-14,29.5642
2022-06-15,29.7558
2022-06-16,29.1808
2022-06-17,28.9091
2022-06-21,29.4593
2022-06-22,29.7694
2022-06-23,30.4701
2022-06-24,31.0002
2022-06-27,31.2517
2022-06-28,31.135
2022-06-29,31.1573
2022-06-30,31.5032
2022-07-01,32.2759
2022-07-05,31.1753
2022-07-06,31.4988
2022-07-07,31.4673
2022-07-08,31.364
2022-07-11,31.5616
2022-07-12,31.4089
2022-07-13,31.2787
2022-07-14,31.2787
2022-07-15,31.3371
2022-07-18,30.9013
2022-07-19,31.0991
2022-07-20,30.6858
2022-07-21,30.7667
2022-07-22,31.1888
2022-07-25,31.5797
2022-07-26,31.7682
2022-07-27,31.7953
2022-07-28,32.9363
2022-07-29,33.2194
2022-08-01,33.2553
2022-08-02,33.1878
2022-08-03,33.3944
2022-08-04,33.4663
2022-08-05,33.345
2022-08-08,33.3944
2022-08-09,33.7673
2022-08-10,33.9155
2022-08-11,33.9111
2022-08-12,34.4635
2022-08-15,34.7511
2022-08-16,34.8498
2022-08-17,34.7915
2022-08-18,34.9218
2022-08-19,34.9037
2022-08-22,34.4277
2022-08-23,34.2211
2022-08-24,34.3288
2022-08-25,34.5401
2022-08-26,34.0098
2022-08-29,34.1132
2022-08-30,33.6145
2022-08-31,33.3944
2022-09-01,33.875
2022-09-02,33.5114
2022-09-06,33.5967
2022-09-07,34.6477
2022-09-08,34.6209
2022-09-09,34.7602
2022-09-12,35.0925
2022-09-13,34.1581
2022-09-14,34.4366
2022-09-15,33.5787
2022-09-16,33.4529
2022-09-19,33.9006
2022-09-20,33.4076
2022-09-21,32.9509
2022-09-22,32.8333
2022-09-23,32.4534
2022-09-26,31.671
2022-09-27,31.1372
2022-09-28,31.472
2022-09-29,30.2102
2022-09-30,29.6269
2022-10-03,30.4952
2022-10-04,31.1419
2022-10-05,30.4499
2022-10-06,29.4459
2022-10-07,28.8354
2022-10-10,28.8852
2022-10-11,28.7811
2022-10-12,27.8223
2022-10-13,28.5188
2022-10-14,28.1073
2022-10-17,28.6953
2022-10-18,29.2197
2022-10-19,28.84
2022-10-20,28.1119
2022-10-21,28.632
2022-10-24,28.8716
2022-10-25,29.4505
2022-10-26,29.4369
2022-10-27,29.6721
2022-10-28,30.4861
2022-10-31,30.2012
2022-11-01,30.3187
2022-11-02,30.0249
2022-11-03,30.1561
2022-11-04,30.3413
2022-11-07,29.7625
2022-11-08,29.9705
2022-11-09,29.7355
2022-11-10,31.1372
2022-11-11,30.789
2022-11-14,30.4227
2022-11-15,30.7574
2022-11-16,31.0333
2022-11-17,30.4906
2022-11-18,31.1372
2022-11-21,31.2775
2022-11-22,31.5443
2022-11-23,31.8972
2022-11-25,32.0825
2022-11-28,31.7525
2022-11-29,31.5172
2022-11-30,32.304
2022-12-01,32.277
2022-12-02,32.1232
2022-12-05,31.9423
2022-12-06,32.1414
2022-12-07,31.9921
2022-12-08,32.2001
2022-12-09,32.0329
2022-12-12,32.7654
2022-12-13,32.865
2022-12-14,32.8243
2022-12-15,32.4263
2022-12-16,31.8744
2022-12-19,31.7478
2022-12-20,31.7569
2022-12-21,32.1992
2022-12-22,32.0033
2022-12-23,32.3315
2022-12-27,32.5321
2022-12-28,32.222
2022-12-29,32.4545
2022-12-30,32.1445
2023-01-03,32.1445
2023-01-04,32.4363
2023-01-05,31.7343
2023-01-06,32.3725
2023-01-09,32.5915
2023-01-10,32.6006
2023-01-11,32.865
2023-01-12,32.6415
2023-01-13,32.523
2023-01-17,32.4773
2023-01-18,31.6978
2023-01-19,31.3786
2023-01-20,31.5655
2023-01-23,31.5747
2023-01-24,31.7343
2023-01-25,31.3056
2023-01-26,31.4105
2023-01-27,31.4105
2023-01-30,31.2691
2023-01-31,31.5016
2023-02-01,31.5564
2023-02-02,31.6248
2023-02-03,30.9637
2023-02-06,31.2281
2023-02-07,31.2144
2023-02-08,30.69
2023-02-09,30.2706
2023-02-10,30.8725
2023-02-13,31.0594
2023-02-14,30.9271
2023-02-15,31.1277
2023-02-16,30.8906
2023-02-17,31.2235
2023-02-21,30.6399
2023-02-22,30.5214
2023-02-23,30.3618
2023-02-24,30.3709
2023-02-27,30.1657
2023-02-28,29.6368
2023-03-01,29.1489
2023-03-02,29.7007
2023-03-03,30.2067
2023-03-06,30.3527
2023-03-07,29.8557
2023-03-08,30.0837
2023-03-09,29.8421
2023-03-10,29.3723
2023-03-13,29.8236
2023-03-14,30.2159
2023-03-15,30.6262
2023-03-16,30.8315
2023-03-17,30.5351
2023-03-20,30.7737
2023-03-21,30.1536
2023-03-22,29.5612
2023-03-23,29.2581
2023-03-24,30.172
2023-03-27,30.2087
2023-03-28,30.2915
2023-03-29,30.7324
2023-03-30,30.8656
2023-03-31,31.0905
2023-04-03,30.8794
2023-04-04,31.0355
2023-04-05,31.8393
2023-04-06,32.0644
2023-04-10,32.0001
2023-04-11,32.0277
2023-04-12,31.9954
2023-04-13,32.0001
2023-04-14,31.6419
2023-04-17,31.8165
2023-04-18,31.651
2023-04-19,31.8945
2023-04-20,31.8854
2023-04-21,31.9771
2023-04-24,32.1378
2023-04-25,32.1057
2023-04-26,31.3524
2023-04-27,31.7291
2023-04-28,31.6831
2023-05-01,31.7383
2023-05-02,31.3524
2023-05-03,31.2652
2023-05-04,31.504
2023-05-05,31.7061
2023-05-08,31.6096
2023-05-09,31.5683
2023-05-10,31.8577
2023-05-11,31.5316
2023-05-12,31.7061
2023-05-15,31.3065
2023-05-16,30.6129
2023-05-17,30.5027
2023-05-18,30.4109
2023-05-19,30.365
2023-05-22,30.3741
2023-05-23,30.2685
2023-05-24,30.0711
2023-05-25,29.6668
2023-05-26,29.6668
2023-05-30,29.5521
2023-05-31,29.8229
2023-06-01,29.6025
2023-06-02,29.9102
2023-06-05,30.0526
2023-06-06,30.0297
2023-06-07,30.5395
2023-06-08,30.6727
2023-06-09,30.4936
2023-06-12,30.4384
2023-06-13,30.4336
2023-06-14,30.4155
2023-06-15,30.7461
2023-06-16,30.9116
2023-06-20,30.5488
2023-06-21,30.7942
2023-06-22,30.5581
2023-06-23,30.109
2023-06-26,30.4053
2023-06-27,30.4146
2023-06-28,29.9654
2023-06-29,29.9654
2023-06-30,30.2988
2023-07-03,30.5258
2023-07-05,30.873
2023-07-06,30.4978
2023-07-07,30.2756
2023-07-10,30.146
2023-07-11,30.521
2023-07-12,30.9655
2023-07-13,31.0721
2023-07-14,30.9516
2023-07-17,30.5951
2023-07-18,30.359
2023-07-19,30.6692
2023-07-20,31.2295
2023-07-21,31.697
2023-07-24,31.6136
2023-07-25,31.6693
2023-07-26,31.6693
2023-07-27,31.109
2023-07-28,31.0395
2023-07-31,31.0535
2023-08-01,30.6738
2023-08-02,30.6738
2023-08-03,29.9747
2023-08-04,29.6275
2023-08-07,29.6227
2023-08-08,29.7617
2023-08-09,29.8266
2023-08-10,29.7339
2023-08-11,29.896
2023-08-14,29.6598
2023-08-15,29.1783
2023-08-16,29.308
2023-08-17,29.2432
2023-08-18,29.3959
2023-08-21,29.2108
2023-08-22,29.2942
2023-08-23,29.4099
2023-08-24,29.2385
2023-08-25,29.4607
2023-08-28,29.4562
2023-08-29,29.5672
2023-08-30,29.4329
2023-08-31,29.1505
2023-09-01,29.0024
2023-09-05,28.5579
2023-09-06,28.6227
2023-09-07,28.9978
2023-09-08,29.2525
2023-09-11,29.3728
2023-09-12,29.4099
2023-09-13,29.7617
2023-09-14,30.197
2023-09-15,30.0673
2023-09-18,30.0448
2023-09-19,29.8813
2023-09-20,29.9094
2023-09-21,29.5966
2023-09-22,29.5405
2023-09-25,29.4987
2023-09-26,28.6165
2023-09-27,28.0658
2023-09-28,27.4589
2023-09-29,27.5055
2023-10-02,26.2267
2023-10-03,26.5301
2023-10-04,26.5021
2023-10-05,26.348
2023-10-06,26.7215
2023-10-09,26.9875
2023-10-10,27.3562
2023-10-11,27.7996
2023-10-12,27.3702
2023-10-13,27.6783
2023-10-16,27.963
2023-10-17,27.8883
2023-10-18,27.6455
2023-10-19,27.3702
2023-10-20,27.0855
2023-10-23,26.8569
2023-10-24,27.5476
2023-10-25,27.7017
2023-10-26,27.9396
2023-10-27,27.4123
2023-10-30,27.6223
2023-10-31,27.8603
2023-11-01,28.1778
2023-11-02,28.7052
2023-11-03,28.8731
2023-11-06,28.7985
2023-11-07,28.5885
2023-11-08,28.3785
2023-11-09,28.0051
2023-11-10,28.1543
2023-11-13,27.8183
2023-11-14,28.9291
2023-11-15,28.8404
2023-11-16,28.9945
2023-11-17,29.0738
2023-11-20,28.9852
2023-11-21,29.0459
2023-11-22,29.1858
2023-11-24,29.2606
2023-11-27,29.3072
2023-11-28,29.4006
2023-11-29,29.1671
2023-11-30,29.2932
2023-12-01,29.6526
2023-12-04,29.536
2023-12-05,29.3259
2023-12-06,29.7179
2023-12-07,29.6526
2023-12-08,29.5966
2023-12-11,29.7879
2023-12-12,29.6666
2023-12-13,30.7869
2023-12-14,30.3854
2023-12-15,29.858
2023-12-18,29.7907
2023-12-19,29.9604
2023-12-20,29.3526
2023-12-21,29.4044
2023-12-22,29.5033
2023-12-26,29.6823
2023-12-27,29.6635
2023-12-28,29.8754
2023-12-29,29.8377
2024-01-02,30.2713
2024-01-03,30.3843
2024-01-04,30.2901
2024-01-05,30.4033
2024-01-08,30.6247
2024-01-09,30.3749
2024-01-10,30.3702
2024-01-11,29.6635
2024-01-12,29.8331
2024-01-16,29.508
2024-01-17,29.0792
2024-01-18,28.7683
2024-01-19,28.7306
2024-01-22,28.5845
2024-01-23,28.6364
2024-01-24,28.2454
2024-01-25,28.7542
2024-01-26,28.839
2024-01-29,29.0228
2024-01-30,29.0133
2024-01-31,28.9521
2024-02-01,29.5033
2024-02-02,28.971
2024-02-05,28.3678
2024-02-06,28.4716
2024-02-07,28.4902
2024-02-08,28.2877
2024-02-09,28.3961
2024-02-12,28.7258
2024-02-13,28.25
2024-02-14,28.4055
2024-02-15,28.8815
2024-02-16,28.8483
2024-02-20,28.8296
2024-02-21,29.2112
2024-02-22,28.9851
2024-02-23,29.1924
2024-02-26,28.6176
2024-02-27,29.1594
2024-02-28,29.2488
2024-02-29,29.2584
2024-03-01,29.0792
2024-03-04,29.5693
2024-03-05,29.4844
2024-03-06,29.767
2024-03-07,29.9604
2024-03-08,30.0356
2024-03-11,30.1864
2024-03-12,29.8943
2024-03-13,30.097
2024-03-14,29.8568
2024-03-15,29.8991
2024-03-18,30.0366
2024-03-19,30.3026
2024-03-20,30.3407
2024-03-21,30.2931
2024-03-22,30.336
2024-03-25,30.4784
2024-03-26,30.1316
2024-03-27,30.9724
2024-03-28,31.1862
2024-04-01,30.9961
2024-04-02,31.0484
2024-04-03,30.925
2024-04-04,30.8632
2024-04-05,30.9534
2024-04-08,31.1577
2024-04-09,31.3287
2024-04-10,30.792
2024-04-11,30.7302
2024-04-12,30.4974
2024-04-15,30.2172
2024-04-16,29.8181
2024-04-17,30.4405
2024-04-18,30.6113
2024-04-19,31.0818
2024-04-22,31.3667
2024-04-23,31.5139
2024-04-24,31.7039
2024-04-25,31.7895
2024-04-26,31.4427
2024-04-29,31.8703
2024-04-30,31.7039
2024-05-01,32.0698
2024-05-02,32.2407
2024-05-03,32.4974
2024-05-06,32.6635
2024-05-07,33.0341
2024-05-08,33.381
2024-05-09,33.8891
2024-05-10,33.8559
2024-05-13,33.8559
2024-05-14,33.9462
2024-05-15,34.4545
2024-05-16,34.3357
2024-05-17,34.3642
2024-05-20,34.3072
2024-05-21,34.616
2024-05-22,34.2075
2024-05-23,33.6279
2024-05-24,33.9652
2024-05-28,33.9318
2024-05-29,33.4949
2024-05-30,33.9462
2024-05-31,34.5447
2024-06-03,34.1505
2024-06-04,34.1363
2024-06-05,33.9413
2024-06-06,33.5899
2024-06-07,33.2241
2024-06-10,33.6517
2024-06-11,33.4475
2024-06-12,33.2288
2024-06-13,33.3049
2024-06-14,33.2241
2024-06-17,32.8584
2024-06-18,32.8726
2024-06-20,33.1576
2024-06-21,32.9629
2024-06-24,33.3962
2024-06-25,33.0802
2024-06-26,32.9413
2024-06-27,32.9989
2024-06-28,32.6301
2024-07-01,32.4051
2024-07-02,32.5726
2024-07-03,32.7689
2024-07-05,32.8265
2024-07-08,32.8599
2024-07-09,32.9557
2024-07-10,33.267
2024-07-11,33.8751
2024-07-12,34.1241
2024-07-15,33.2958
2024-07-16,33.5543
2024-07-17,33.5735
2024-07-18,33.5447
2024-07-19,33.583
2024-07-22,33.8655
2024-07-23,33.6548
2024-07-24,34.0332
2024-07-25,33.7507
2024-07-26,34.0811
2024-07-29,34.2344
2024-07-30,34.4114
2024-07-31,34.8568
2024-08-01,35.4842
2024-08-02,35.5417
2024-08-05,34.603
2024-08-06,34.8952
2024-08-07,35.0914
2024-08-08,35.1298
2024-08-09,35.2495
2024-08-12,35.3117
2024-08-13,35.5176
2024-08-14,35.4937
2024-08-15,35.4889
2024-08-16,35.647
2024-08-19,35.8816
2024-08-20,35.805
2024-08-21,36.0589
2024-08-22,36.0157
2024-08-23,36.1162
2024-08-26,36.3509
2024-08-27,36.0635
2024-08-28,36.0635
2024-08-29,36.2599
2024-08-30,36.5328
2024-09-03,36.4802
2024-09-04,36.7914
2024-09-05,36.7005
2024-09-06,36.3509
2024-09-09,36.7195
2024-09-10,36.892
2024-09-11,37.007
2024-09-12,37.0884
2024-09-13,37.6102
2024-09-16,37.8975
2024-09-17,37.8688
2024-09-18,37.5816
2024-09-19,37.3613
2024-09-20,38.3477
2024-09-23,38.7285
2024-09-24,38.4535
2024-09-25,38.6561
2024-09-26,38.391
2024-09-27,38.7717
2024-09-30,38.9453
2024-10-01,39.2587
2024-10-02,39.278
2024-10-03,39.2635
2024-10-04,39.2009
2024-10-07,38.2993
2024-10-08,38.3185
2024-10-09,37.9908
2024-10-10,37.8751
2024-10-11,38.2077
2024-10-14,38.6898
2024-10-15,38.8633
2024-10-16,39.6348
2024-10-17,39.2828
2024-10-18,39.5094
2024-10-21,39.3552
2024-10-22,39.2154
2024-10-23,39.5914
2024-10-24,39.3359
2024-10-25,38.7525
2024-10-28,39.0562
2024-10-29,38.2222
2024-10-30,38.1306
2024-10-31,38.5259
2024-11-01,37.6678
2024-11-04,37.2194
2024-11-05,37.7787
2024-11-06,37.388
2024-11-07,37.4556
2024-11-08,38.1739
2024-11-11,38.28
2024-11-12,37.8413
2024-11-13,37.7738
2024-11-14,37.6436
2024-11-15,38.2077
2024-11-18,38.5404
2024-11-19,38.7862
2024-11-20,38.8055
2024-11-21,39.4804
2024-11-22,39.2684
2024-11-25,39.3407
2024-11-26,39.9674
2024-11-27,39.9674
2024-11-29,39.9819
2024-12-02,39.1238
2024-12-03,38.7862
2024-12-04,38.7815
2024-12-05,38.902
2024-12-06,38.4199
2024-12-09,37.9378
2024-12-10,37.6628
2024-12-11,37.4267
2024-12-12,37.4074
2024-12-13,37.4316
2024-12-16,37.1326
2024-12-17,36.9784
2024-12-18,36.1057
2024-12-19,36.2696
2024-12-20,36.8482
2024-12-23,36.9735
2024-12-24,37.1777
2024-12-26,37.0902
2024-12-27,36.9832
2024-12-30,36.8277
2024-12-31,36.7937
2025-01-02,37.0757
2025-01-03,37.4693
2025-01-06,37.0513
2025-01-07,36.9589
2025-01-08,36.9492
2025-01-10,36.7402
2025-01-13,36.3125
2025-01-14,36.7888
2025-01-15,37.3285
2025-01-16,38.2715
2025-01-17,38.3249
2025-01-21,38.9131
2025-01-22,38.0722
2025-01-23,38.252
2025-01-24,38.6409
2025-01-27,37.7464
2025-01-28,37.2263
2025-01-29,37.3041
2025-01-30,38.0819
2025-01-31,37.8583
2025-02-03,38.0625
2025-02-04,37.727
2025-02-05,38.1061
2025-02-06,38.0625
2025-02-07,37.9846
2025-02-10,38.3979
2025-02-11,38.5923
2025-02-12,38.5242
2025-02-13,38.6117
2025-02-14,38.4513
2025-02-18,38.811
2025-02-19,39.0152
2025-02-20,39.0103
2025-02-21,39.0201
2025-02-24,38.8257
2025-02-25,38.6312
2025-02-26,38.7916
2025-02-27,37.9312
2025-02-28,38.5097
2025-03-03,38.5631
2025-03-04,37.936
2025-03-05,37.6687
2025-03-06,36.8861
2025-03-07,37.5715
2025-03-10,37.9846
2025-03-11,37.6298
2025-03-12,37.5132
2025-03-13,37.6055
2025-03-14,38.3395
2025-03-17,38.5
2025-03-18,38.2326
2025-03-19,38.3735
2025-03-20,38.5292
2025-03-21,38.2812
2025-03-24,38.2689
2025-03-25,37.657
2025-03-26,37.9066
2025-03-27,37.8969
2025-03-28,38.176
2025-03-31,38.6018
2025-04-01,38.6998
2025-04-02,38.8809
2025-04-03,38.6362
2025-04-04,36.487
2025-04-07,35.9288
2025-04-08,35.782
2025-04-09,37.192
2025-04-10,36.9129
2025-04-11,37.3633
2025-04-14,38.034
2025-04-15,38.0291
2025-04-16,37.6864
2025-04-17,38.0732
2025-04-21,37.1723
2025-04-22,38.1857
2025-04-23,38.3472
2025-04-24,38.4061
2025-04-25,38.2886
2025-04-28,38.5236
2025-04-29,38.8222
2025-04-30,38.6264
2025-05-01,38.739
2025-05-02,39.0425
2025-05-05,38.9445
2025-05-06,39.4195
2025-05-07,39.532
2025-05-08,39.2138
2025-05-09,39.2823
2025-05-12,39.0473
2025-05-13,38.9936
2025-05-14,38.8222
2025-05-15,39.6496
2025-05-16,40.2321
2025-05-19,40.4035
2025-05-20,40.521
2025-05-21,39.7817
2025-05-22,39.2138
2025-05-23,39.6838
2025-05-27,39.9825
2025-05-28,39.4242
2025-05-29,39.6985
2025-05-30,40.1047
2025-06-02,40.2321
2025-06-03,40.3398
2025-06-04,39.6349
2025-06-05,39.5711
2025-06-06,39.7474
2025-06-09,39.4929
2025-06-10,39.5858
2025-06-11,39.6103
2025-06-12,40.0901
2025-06-13,39.86
2025-06-16,39.6642
2025-06-17,39.3362
2025-06-18,39.4389
2025-06-20,39.5467
2025-06-23,40.0483
2025-06-24,40.2208
2025-06-25,39.6835
2025-06-26,40.0137
2025-06-27,40.0926
2025-06-30,40.2553
2025-07-01,40.3934
2025-07-02,40.0433
2025-07-03,40.344
2025-07-07,40.4278
2025-07-08,39.9989
2025-07-09,40.3736
2025-07-10,40.7039
2025-07-11,40.6447
2025-07-14,40.8074
2025-07-15,40.418
2025-07-16,40.4376
2025-07-17,40.6053
2025-07-18,41.2856
2025-07-21,41.4187
2025-07-22,41.9265
2025-07-23,41.611
2025-07-24,41.5568
2025-07-25,41.6652
2025-07-28,41.2216
2025-07-29,41.6948
2025-07-30,42.0053
2025-07-31,42.2321
2025-08-01,42.2961
2025-08-04,43.0455
2025-08-05,42.587
2025-08-06,42.2075
2025-08-07,42.6659
2025-08-08,42.4835
2025-08-11,42.3504
2025-08-12,42.5327
2025-08-13,42.6264
2025-08-14,42.3307
2025-08-15,42.2075
2025-08-18,42.025
2025-08-19,42.4342
2025-08-20,42.4785
2025-08-21,42.1877
2025-08-22,42.4144
2025-08-25,41.9363
2025-08-26,42.0299
2025-08-27,42.0398
2025-08-28,41.7194
2025-08-29,41.5666
2025-09-02,41.4286
2025-09-03,41.325
2025-09-04,41.2758
2025-09-05,41.1475
2025-09-08,40.7286
2025-09-09,41.0096
2025-09-10,41.7145
2025-09-11,41.9363
2025-09-12,42.1482
2025-09-15,42.2469
2025-09-16,41.4778
2025-09-17,41.5814
2025-09-18,41.611
2025-09-19,41.8772
2025-09-22,42.283
2025-09-23,42.5014
2025-09-24,42.8041
2025-09-25,42.3922
2025-09-26,43.082
2025-09-29,43.2061
2025-09-30,43.2805
2025-10-01,43.6974
2025-10-02,43.618
2025-10-03,44.1242
2025-10-06,44.551
2025-10-07,44.7545
2025-10-08,45.0622
2025-10-09,44.948
2025-10-10,44.7644
2025-10-13,45.1068
2025-10-14,45.5088
2025-10-15,46.1044
2025-10-16,45.6031
2025-10-17,45.4443
2025-10-20,45.4294
2025-10-21,44.9679
2025-10-22,44.8637
2025-10-23,44.8289
2025-10-24,45.355
2025-10-27,45.4791
2025-10-28,44.7297
2025-10-29,44.7148
2025-10-30,44.5262
2025-10-31,44.2185
2025-11-03,44.2433
2025-11-04,44.0845
2025-11-05,44.0944
2025-11-06,43.9009
2025-11-07,44.5113
2025-11-10,44.4964
2025-11-11,44.5212
2025-11-12,44.6255
2025-11-13,44.0101
2025-11-14,44.0498
2025-11-17,44.4468
2025-11-18,44.2781
2025-11-19,43.9058
2025-11-20,43.6825
2025-11-21,43.747
2025-11-24,44.2433
2025-11-25,44.0746
2025-11-26,44.6602
2025-11-28,44.9778
2025-12-01,43.9257
2025-12-02,43.613
2025-12-03,43.4741
2025-12-04,43.3848
2025-12-05,42.9778
2025-12-08,42.4021
2025-12-09,42.4319
2025-12-10,42.412
2025-12-11,42.7197
2025-12-12,42.5113
2025-12-15,42.8984
2025-12-16,42.7197
2025-12-17,42.4418
2025-12-18,42.8587
2025-12-19,42.3128
2025-12-22,42.47
2025-12-23,42.62
2025-12-24,42.81
2025-12-26,42.78
2025-12-29,42.86
2025-12-30,42.96
2025-12-31,42.69
